id,school_inep_fk
1719,15082067
1720,15082067
1721,15082067
1722,15082067
1723,15082067
1724,15082067
1725,15082067
1726,15082067
1727,15082067
1728,15082067
1729,15082067
1730,15082067
1731,15082067
1732,15082067
1733,15082067
1734,15082067
1735,15082067
1736,15082067
1737,15082067
1738,15082067
1739,15082067
1740,15082067
1741,15082067
1742,15082067
1743,15082067
1744,15082067
1745,15082091
1746,15082091
1747,15082091
1748,15082091
1749,15082091
1750,15082091
1751,15082091
1752,15082091
1753,15082091
1754,15082091
1755,15082091
1756,15082172
1917,15082180
1918,15082180
1919,15082180
1920,15082180
1921,15082180
1922,15082180
1923,15082180
1924,15082180
1925,15082180
1926,15082180
1927,15082180
1928,15082180
1929,15082180
1930,15082180
1931,15082180
1932,15082180
1933,15082180
1934,15082180
1935,15082180
1936,15082180
1937,15082180
1938,15082180
1939,15082180
1940,15082180
1941,15082180
1942,15082180
1943,15082180
1944,15082180
1945,15082180
1946,15082180
1947,15082180
1948,15082180
1949,15082210
1950,15082210
1951,15082210
1952,15082210
1953,15082210
1954,15082210
1955,15082210
1956,15082296
1957,15082296
1958,15082296
1959,15082296
1169,15082326
1170,15082326
1171,15082326
1172,15082326
1173,15082326
1174,15082326
1175,15082326
1176,15082326
1177,15082326
1178,15082326
1179,15082326
1180,15082326
1181,15082326
1182,15082326
1757,15082334
1960,15082342
1183,15082369
1184,15082369
1185,15082369
1186,15082369
1187,15082369
1188,15082369
1189,15082369
1190,15082369
1758,15082407
1759,15082407
1240,15082423
1241,15082423
1242,15082423
1243,15082423
1244,15082440
1191,15082458
1192,15082458
1193,15082458
1194,15082458
1195,15082458
1101,15082539
1606,15082563
1607,15082563
1608,15082563
1609,15082563
1610,15082563
1611,15082563
1612,15082563
1613,15082563
1614,15082563
1615,15082598
1616,15082598
1617,15082628
1618,15082628
1619,15082628
1245,15082660
1246,15082660
1247,15082660
1248,15082660
1249,15082660
1250,15082660
1251,15082660
1252,15082660
1253,15082660
1254,15082695
1255,15082695
1256,15082695
1257,15082695
1258,15082695
1259,15082695
1260,15082695
1261,15082695
1262,15082695
1263,15082695
1264,15082695
1265,15082695
1266,15082695
1267,15082695
1268,15082717
1269,15082717
1270,15082717
1271,15082717
1272,15082717
1273,15082806
1274,15082806
1275,15082806
1276,15082806
1277,15082806
1278,15082806
1196,15082814
1197,15082814
1198,15082814
1199,15082814
1760,15082822
1761,15082822
1102,15082865
1103,15082865
1104,15082865
1105,15082865
1762,15082903
1763,15082903
1764,15082903
1765,15082903
1766,15082903
1767,15082903
1768,15082903
1769,15082903
1770,15082903
1771,15082903
1620,15082911
1621,15082911
1772,15082920
1773,15082920
1774,15082920
1775,15082920
1106,15082938
1107,15082938
1108,15082938
1109,15082938
1110,15082938
1111,15082938
1112,15082938
1113,15082938
1114,15082938
1115,15082938
1116,15082938
1117,15082938
1118,15082938
1622,15082946
1623,15082946
1624,15082946
1625,15082946
1626,15082946
1627,15082946
1628,15082946
1629,15082946
1630,15082946
1279,15082970
1631,15082997
1632,15082997
1633,15082997
1634,15082997
1119,15083004
1120,15083004
1121,15083004
1122,15083004
1123,15083004
1124,15083004
1125,15083004
1200,15083047
1280,15083144
1281,15083144
1282,15083144
1283,15083144
1284,15083144
1285,15083144
1286,15083144
1287,15083144
1288,15083144
1289,15083144
1290,15083144
1291,15083144
1292,15083144
1293,15083144
1294,15083144
1201,15083152
1202,15083152
1203,15083152
1295,15083160
1296,15083160
1297,15083160
1298,15083160
1299,15083160
1300,15083160
1301,15083160
1302,15083160
1303,15083160
1304,15083160
1305,15083160
1306,15083160
1307,15083160
1308,15083160
1309,15083160
1310,15083160
1311,15083160
1312,15083160
1313,15083160
1314,15083160
1315,15083160
1316,15083160
1776,15083241
1635,15083250
1636,15083276
1637,15083276
1638,15083276
1639,15083276
1640,15083276
1641,15083276
1642,15083276
1643,15083276
1644,15083276
1645,15083357
1527,15083373
1528,15083373
1529,15083373
1530,15083373
1531,15083373
1532,15083373
1533,15083373
1126,15083497
1127,15083497
1128,15083497
1204,15083500
1205,15083500
1206,15083500
1961,15083535
1962,15083535
1963,15083535
1534,15083608
1535,15083624
1536,15083624
1537,15083624
1538,15083624
1777,15083659
1778,15083659
1779,15083659
1780,15083659
1781,15083659
1782,15083659
1783,15083659
1784,15083659
1785,15083659
1786,15083659
1787,15083659
1788,15083659
1789,15083659
1790,15083659
1791,15083659
1964,15083675
1646,15083802
1647,15083802
1539,15083870
1540,15083870
1541,15083870
1542,15083870
1965,15083888
1966,15083888
1967,15083888
1968,15083900
1543,15083918
1544,15083918
1792,15083934
1793,15083934
1794,15083934
1795,15083934
1796,15083934
1797,15083934
1798,15083934
1545,15083950
1546,15083950
1547,15083950
1548,15083950
1549,15083950
1550,15083950
1551,15083950
1552,15083950
1553,15083950
1554,15083950
1555,15083950
1556,15083950
1557,15083950
1799,15083969
1969,15083985
1648,15084000
1649,15084000
1800,15084019
1801,15084019
1802,15084019
1803,15084019
1804,15084019
1805,15084019
1806,15084019
1807,15084019
1808,15084019
1809,15084019
1810,15084019
1811,15084019
1812,15084019
1207,15084035
1208,15084035
1209,15084035
1210,15084035
1558,15084094
1559,15084094
1211,15084116
1212,15084116
1213,15084116
1214,15084116
1813,15084205
1814,15084205
1815,15084205
1816,15084205
1817,15084205
1818,15084205
1819,15084205
1820,15084205
1821,15084205
1822,15084205
1823,15084205
1824,15084205
1825,15084205
1826,15084213
1827,15084213
1828,15084213
1829,15084248
1830,15084248
1831,15084248
1832,15084248
1833,15084248
1215,15084280
1650,15084299
1651,15084299
1652,15084299
1653,15084299
1654,15084299
1655,15084299
1656,15084299
1657,15084299
1658,15084299
1659,15084299
1660,15084299
1661,15084299
1662,15084299
1216,15084337
1217,15084337
1782,15085503
1783,15085503
1784,15085503
1785,15085503
1786,15085503
1787,15085503
1788,15085503
1789,15085503
1790,15085503
1791,15085503
1792,15085503
1793,15085503
1794,15085503
1795,15085503
1796,15085503
1797,15085503
1798,15085503
1799,15085503
1800,15085503
1801,15085503
1802,15085503
1803,15085503
2854,15085503
2855,15085503
2856,15085503
2857,15085503
2858,15085503
2859,15085503
2860,15085503
2861,15085503
2862,15085503
2863,15085503
2864,15085503
2865,15085503
2866,15085503
2867,15085503
2868,15085503
2869,15085503
2870,15085503
2871,15085503
2872,15085503
2873,15085503
3808,15085503
3856,15085503
3857,15085503
3858,15085503
3859,15085503
3860,15085503
3861,15085503
3862,15085503
3863,15085503
3864,15085503
3866,15085503
3867,15085503
3869,15085503
3870,15085503
3871,15085503
3872,15085503
3873,15085503
4509,15085503
4510,15085503
4511,15085503
4512,15085503
4633,15085503
2338,15085538
2339,15085538
2340,15085538
2341,15085538
2342,15085538
2343,15085538
2344,15085538
2345,15085538
2346,15085538
2347,15085538
3356,15085538
3369,15085538
3371,15085538
3372,15085538
3373,15085538
3374,15085538
3375,15085538
3376,15085538
3377,15085538
3378,15085538
4846,15085538
4847,15085538
4848,15085538
4849,15085538
4850,15085538
4851,15085538
4852,15085538
4853,15085538
1339,15085546
1340,15085546
1341,15085546
1342,15085546
1343,15085546
1344,15085546
1345,15085546
1346,15085546
1347,15085546
1348,15085546
1349,15085546
1350,15085546
1351,15085546
1352,15085546
1353,15085546
1354,15085546
1355,15085546
1356,15085546
1357,15085546
1358,15085546
1359,15085546
1360,15085546
3954,15085546
3955,15085546
3956,15085546
3957,15085546
3958,15085546
3959,15085546
3960,15085546
3961,15085546
3962,15085546
3963,15085546
3964,15085546
3965,15085546
3966,15085546
3967,15085546
3968,15085546
3969,15085546
3970,15085546
3971,15085546
3972,15085546
4428,15085546
4429,15085546
4430,15085546
4431,15085546
4432,15085546
4433,15085546
4434,15085546
4435,15085546
4436,15085546
4437,15085546
4438,15085546
4439,15085546
4440,15085546
4441,15085546
4442,15085546
4443,15085546
4444,15085546
4445,15085546
4446,15085546
4447,15085546
4448,15085546
4449,15085546
2665,15085554
2666,15085554
2667,15085554
2668,15085554
2669,15085554
2670,15085554
2671,15085554
2672,15085554
2673,15085554
2674,15085554
3936,15085554
3937,15085554
3938,15085554
3939,15085554
3940,15085554
3941,15085554
3942,15085554
3943,15085554
3944,15085554
3945,15085554
3946,15085554
3947,15085554
3948,15085554
3949,15085554
3950,15085554
3951,15085554
2348,15085619
2349,15085619
2350,15085619
2351,15085619
2352,15085619
2353,15085619
2354,15085619
2355,15085619
2356,15085619
2357,15085619
2358,15085619
2359,15085619
2360,15085619
2361,15085619
2362,15085619
2363,15085619
2364,15085619
2365,15085619
2366,15085619
2367,15085619
2368,15085619
3890,15085619
3891,15085619
3892,15085619
3893,15085619
3894,15085619
3895,15085619
3896,15085619
3897,15085619
3898,15085619
3899,15085619
3900,15085619
3901,15085619
3907,15085619
3914,15085619
3915,15085619
3916,15085619
3917,15085619
3919,15085619
3920,15085619
3921,15085619
3922,15085619
1262,15085627
1263,15085627
1264,15085627
1265,15085627
4860,15085627
4861,15085627
4862,15085627
4863,15085627
4864,15085627
4865,15085627
4866,15085627
4867,15085627
1493,15085643
1494,15085643
1495,15085643
1496,15085643
1497,15085643
1498,15085643
1499,15085643
1500,15085643
1501,15085643
1502,15085643
1503,15085643
1504,15085643
1505,15085643
1506,15085643
1507,15085643
1508,15085643
1509,15085643
1510,15085643
4601,15085643
4602,15085643
4603,15085643
4604,15085643
4605,15085643
4606,15085643
4607,15085643
4608,15085643
4609,15085643
4610,15085643
4611,15085643
4612,15085643
4613,15085643
4614,15085643
4615,15085643
4616,15085643
4617,15085643
4618,15085643
4735,15085643
4736,15085643
4737,15085643
4738,15085643
4739,15085643
4740,15085643
4741,15085643
4742,15085643
4743,15085643
4744,15085643
4745,15085643
4746,15085643
4747,15085643
4749,15085643
4750,15085643
4751,15085643
4752,15085643
1361,15085651
1362,15085651
1363,15085651
1364,15085651
1365,15085651
1366,15085651
1367,15085651
1368,15085651
1369,15085651
1370,15085651
1371,15085651
1372,15085651
1373,15085651
1374,15085651
1375,15085651
1376,15085651
1377,15085651
1378,15085651
1379,15085651
1380,15085651
1381,15085651
1382,15085651
1383,15085651
1384,15085651
1385,15085651
1386,15085651
1387,15085651
1388,15085651
1389,15085651
1390,15085651
5092,15085651
5093,15085651
5094,15085651
5095,15085651
5096,15085651
5097,15085651
5098,15085651
5099,15085651
5100,15085651
5101,15085651
5102,15085651
5103,15085651
5104,15085651
5105,15085651
5106,15085651
5107,15085651
5108,15085651
5109,15085651
5110,15085651
5111,15085651
5112,15085651
5113,15085651
5114,15085651
5115,15085651
5116,15085651
5117,15085651
5118,15085651
5119,15085651
5120,15085651
5121,15085651
5122,15085651
5123,15085651
5124,15085651
5139,15085651
5140,15085651
5141,15085651
5142,15085651
5143,15085651
5144,15085651
5145,15085651
5146,15085651
5147,15085651
5294,15085651
5295,15085651
5311,15085651
5322,15085651
5341,15085651
5348,15085651
5349,15085651
5350,15085651
5353,15085651
5355,15085651
5356,15085651
5462,15085651
2369,15085686
2370,15085686
2371,15085686
2372,15085686
2373,15085686
2374,15085686
2375,15085686
2376,15085686
2377,15085686
2378,15085686
2379,15085686
3675,15085686
3676,15085686
3677,15085686
3678,15085686
3679,15085686
3681,15085686
3738,15085686
4621,15085686
4644,15085686
4693,15085686
4695,15085686
4696,15085686
4713,15085686
1104,15085694
1105,15085694
1106,15085694
1107,15085694
1108,15085694
1109,15085694
1110,15085694
1111,15085694
1112,15085694
1113,15085694
1114,15085694
1115,15085694
1116,15085694
1117,15085694
1118,15085694
4067,15085694
4068,15085694
4069,15085694
4070,15085694
4071,15085694
4072,15085694
4073,15085694
4074,15085694
4075,15085694
4076,15085694
4077,15085694
4078,15085694
4079,15085694
4080,15085694
4081,15085694
4082,15085694
4083,15085694
4084,15085694
4085,15085694
4088,15085694
4089,15085694
4090,15085694
4091,15085694
4757,15085694
4758,15085694
4759,15085694
4760,15085694
4761,15085694
4762,15085694
4763,15085694
4765,15085694
4766,15085694
4767,15085694
4768,15085694
4769,15085694
4782,15085694
4783,15085694
4797,15085694
4993,15085694
2236,15085759
2237,15085759
2238,15085759
2239,15085759
2240,15085759
2241,15085759
2242,15085759
2243,15085759
2244,15085759
5409,15085759
5410,15085759
5411,15085759
5412,15085759
5414,15085759
5415,15085759
5416,15085759
5417,15085759
5419,15085759
5420,15085759
5421,15085759
5443,15085759
5444,15085759
5445,15085759
5448,15085759
1119,15085902
1120,15085902
1121,15085902
1122,15085902
5390,15085902
5391,15085902
5392,15085902
5393,15085902
5394,15085902
5395,15085902
1123,15085910
1124,15085910
1125,15085910
5314,15085910
5315,15085910
5316,15085910
5317,15085910
5318,15085910
5319,15085910
5487,15085910
5488,15085910
5489,15085910
5490,15085910
5491,15085910
5492,15085910
5493,15085910
5494,15085910
1266,15085937
1267,15085937
1268,15085937
1269,15085937
1270,15085937
1271,15085937
1272,15085937
1273,15085937
1274,15085937
1275,15085937
1276,15085937
1277,15085937
1278,15085937
1279,15085937
1280,15085937
1281,15085937
1282,15085937
1283,15085937
1284,15085937
1285,15085937
3028,15085937
3029,15085937
3030,15085937
3031,15085937
3032,15085937
3033,15085937
3034,15085937
3035,15085937
3036,15085937
3037,15085937
3038,15085937
3039,15085937
3040,15085937
3041,15085937
3042,15085937
3043,15085937
3044,15085937
3045,15085937
3046,15085937
3047,15085937
4094,15085937
4095,15085937
4096,15085937
4098,15085937
4099,15085937
4100,15085937
4101,15085937
4102,15085937
4103,15085937
4108,15085937
4114,15085937
4115,15085937
4116,15085937
4118,15085937
4119,15085937
4120,15085937
4121,15085937
4122,15085937
4123,15085937
4124,15085937
4125,15085937
4734,15085937
4844,15085937
4845,15085937
1126,15085970
1127,15085970
1128,15085970
1129,15085970
1130,15085970
1131,15085970
1132,15085970
1133,15085970
2775,15085970
2776,15085970
2777,15085970
2778,15085970
2779,15085970
2780,15085970
4308,15085970
4309,15085970
4310,15085970
4311,15085970
4312,15085970
4313,15085970
1511,15085996
1512,15085996
1513,15085996
1514,15085996
1515,15085996
1516,15085996
1517,15085996
1518,15085996
1519,15085996
1520,15085996
1521,15085996
1522,15085996
1523,15085996
1524,15085996
1525,15085996
1526,15085996
1527,15085996
3186,15085996
3187,15085996
3188,15085996
3189,15085996
3190,15085996
3191,15085996
3192,15085996
3193,15085996
3194,15085996
3195,15085996
3196,15085996
3197,15085996
3198,15085996
3199,15085996
3200,15085996
3201,15085996
3202,15085996
3203,15085996
3204,15085996
3205,15085996
3206,15085996
3207,15085996
3208,15085996
3209,15085996
3210,15085996
3211,15085996
3212,15085996
3213,15085996
3214,15085996
3215,15085996
3216,15085996
3217,15085996
4361,15085996
1134,15086054
1135,15086054
1136,15086054
5469,15086054
5470,15086054
5471,15086054
5472,15086054
5473,15086054
5474,15086054
1286,15086070
1287,15086070
1288,15086070
1289,15086070
1290,15086070
1291,15086070
1292,15086070
1293,15086070
1294,15086070
1295,15086070
1296,15086070
1297,15086070
1298,15086070
1299,15086070
1300,15086070
1301,15086070
1302,15086070
1303,15086070
1304,15086070
1305,15086070
1306,15086070
1307,15086070
1308,15086070
1309,15086070
1310,15086070
1311,15086070
1312,15086070
3218,15086070
3219,15086070
3220,15086070
3221,15086070
3222,15086070
3223,15086070
3225,15086070
3226,15086070
3227,15086070
3228,15086070
3229,15086070
3230,15086070
3231,15086070
3232,15086070
3233,15086070
3234,15086070
3235,15086070
3236,15086070
3237,15086070
3238,15086070
3239,15086070
3240,15086070
3241,15086070
3242,15086070
3243,15086070
3244,15086070
3245,15086070
3302,15086070
3303,15086070
3304,15086070
3305,15086070
3306,15086070
3307,15086070
3308,15086070
3309,15086070
3310,15086070
3311,15086070
3312,15086070
3313,15086070
3314,15086070
3315,15086070
3316,15086070
3317,15086070
3318,15086070
3319,15086070
3320,15086070
3321,15086070
3322,15086070
3323,15086070
3324,15086070
3325,15086070
3326,15086070
3327,15086070
3328,15086070
3541,15086070
3542,15086070
4632,15086070
1137,15086089
1138,15086089
1139,15086089
1140,15086089
1141,15086089
1142,15086089
1143,15086089
1144,15086089
1145,15086089
1146,15086089
1147,15086089
1148,15086089
1149,15086089
1150,15086089
1151,15086089
1152,15086089
1153,15086089
1154,15086089
1155,15086089
1156,15086089
1157,15086089
1158,15086089
1159,15086089
2967,15086089
3010,15086089
3011,15086089
3012,15086089
3013,15086089
3014,15086089
3015,15086089
3016,15086089
3017,15086089
3018,15086089
3019,15086089
3020,15086089
3021,15086089
3022,15086089
3023,15086089
3024,15086089
3025,15086089
3026,15086089
3142,15086089
3143,15086089
3144,15086089
3145,15086089
3146,15086089
3147,15086089
3148,15086089
3149,15086089
3150,15086089
3151,15086089
3152,15086089
3153,15086089
3154,15086089
3155,15086089
3156,15086089
3157,15086089
3158,15086089
3159,15086089
3160,15086089
3161,15086089
3162,15086089
3163,15086089
3164,15086089
3165,15086089
3166,15086089
4322,15086089
4323,15086089
4324,15086089
4325,15086089
1391,15086127
1392,15086127
1393,15086127
1394,15086127
1395,15086127
1396,15086127
1397,15086127
1398,15086127
1399,15086127
1400,15086127
1401,15086127
1402,15086127
1403,15086127
1404,15086127
2824,15086127
2825,15086127
2826,15086127
2827,15086127
2828,15086127
2829,15086127
2830,15086127
2831,15086127
2832,15086127
2833,15086127
2834,15086127
2835,15086127
2836,15086127
2837,15086127
3094,15086127
3099,15086127
3101,15086127
3102,15086127
3103,15086127
3754,15086127
3755,15086127
3756,15086127
3757,15086127
3758,15086127
3759,15086127
3760,15086127
3761,15086127
3762,15086127
1616,15086186
1617,15086186
1618,15086186
1619,15086186
1620,15086186
5396,15086186
5397,15086186
5398,15086186
5399,15086186
5400,15086186
5401,15086186
1621,15086216
1622,15086216
1623,15086216
1624,15086216
1625,15086216
1626,15086216
1627,15086216
1628,15086216
1629,15086216
1630,15086216
1631,15086216
1632,15086216
1633,15086216
1634,15086216
1635,15086216
1636,15086216
1637,15086216
1638,15086216
1639,15086216
1640,15086216
4998,15086216
5003,15086216
5004,15086216
5005,15086216
5006,15086216
5007,15086216
5086,15086216
5087,15086216
5088,15086216
5089,15086216
5090,15086216
5091,15086216
5433,15086216
5434,15086216
5436,15086216
2245,15086259
2246,15086259
2247,15086259
2248,15086259
2249,15086259
2250,15086259
2251,15086259
5422,15086259
5423,15086259
5424,15086259
5425,15086259
5426,15086259
5427,15086259
5428,15086259
5429,15086259
5430,15086259
5460,15086259
5466,15086259
2675,15086283
2676,15086283
2677,15086283
2678,15086283
2679,15086283
2680,15086283
2681,15086283
2682,15086283
2683,15086283
2684,15086283
2685,15086283
2686,15086283
3475,15086283
3476,15086283
3477,15086283
3478,15086283
3479,15086283
3480,15086283
3481,15086283
3482,15086283
3483,15086283
3484,15086283
3485,15086283
3744,15086283
3745,15086283
3746,15086283
3747,15086283
3748,15086283
3749,15086283
3750,15086283
3751,15086283
3798,15086283
3799,15086283
2687,15086291
2688,15086291
2689,15086291
2690,15086291
2691,15086291
2692,15086291
2693,15086291
2694,15086291
2695,15086291
2696,15086291
2697,15086291
2698,15086291
2699,15086291
2700,15086291
2701,15086291
2702,15086291
2703,15086291
2704,15086291
2705,15086291
3619,15086291
3620,15086291
3622,15086291
3623,15086291
3625,15086291
3626,15086291
3628,15086291
3631,15086291
3653,15086291
3655,15086291
3656,15086291
3657,15086291
3658,15086291
3659,15086291
3660,15086291
3661,15086291
3662,15086291
3663,15086291
3664,15086291
3668,15086291
3669,15086291
3687,15086291
3694,15086291
3701,15086291
3709,15086291
3733,15086291
3734,15086291
3735,15086291
3736,15086291
3743,15086291
3764,15086291
3774,15086291
3794,15086291
4106,15086291
4130,15086291
4131,15086291
4134,15086291
4139,15086291
4145,15086291
4303,15086291
4347,15086291
4348,15086291
4415,15086291
1641,15086348
1642,15086348
1643,15086348
1644,15086348
1645,15086348
1646,15086348
1647,15086348
1648,15086348
1649,15086348
1650,15086348
1651,15086348
1652,15086348
1653,15086348
1654,15086348
1655,15086348
1656,15086348
1657,15086348
1658,15086348
1659,15086348
1660,15086348
3246,15086348
3247,15086348
3248,15086348
3249,15086348
3250,15086348
3251,15086348
3252,15086348
3253,15086348
3254,15086348
3255,15086348
3256,15086348
3257,15086348
3258,15086348
3259,15086348
3260,15086348
3261,15086348
3262,15086348
3263,15086348
3264,15086348
3265,15086348
3285,15086348
3286,15086348
3287,15086348
3288,15086348
3289,15086348
3290,15086348
3291,15086348
3292,15086348
3293,15086348
3294,15086348
3295,15086348
3296,15086348
3297,15086348
3298,15086348
3299,15086348
3300,15086348
3301,15086348
3347,15086348
3348,15086348
1528,15086380
1529,15086380
1530,15086380
1531,15086380
1532,15086380
1533,15086380
1534,15086380
1535,15086380
1536,15086380
1537,15086380
2765,15086380
2766,15086380
2767,15086380
2768,15086380
2769,15086380
2770,15086380
2771,15086380
2772,15086380
2773,15086380
2774,15086380
3104,15086380
3105,15086380
3106,15086380
3107,15086380
3108,15086380
3109,15086380
3110,15086380
3111,15086380
3112,15086380
3113,15086380
2706,15086410
2707,15086410
2708,15086410
2709,15086410
2710,15086410
2711,15086410
2712,15086410
2713,15086410
2714,15086410
2715,15086410
2716,15086410
2717,15086410
2718,15086410
2719,15086410
2720,15086410
2721,15086410
2722,15086410
2723,15086410
2724,15086410
3266,15086410
3267,15086410
3268,15086410
3269,15086410
3270,15086410
3271,15086410
3272,15086410
3273,15086410
3274,15086410
3275,15086410
3276,15086410
3277,15086410
3278,15086410
3279,15086410
3280,15086410
3281,15086410
3282,15086410
3283,15086410
3284,15086410
3329,15086410
3330,15086410
3331,15086410
3332,15086410
3333,15086410
3334,15086410
3335,15086410
3336,15086410
3337,15086410
3338,15086410
3339,15086410
3340,15086410
3341,15086410
3342,15086410
3343,15086410
3344,15086410
3345,15086410
5253,15086410
1160,15086429
1161,15086429
1162,15086429
1163,15086429
5342,15086429
5343,15086429
5344,15086429
5345,15086429
5346,15086429
5347,15086429
1164,15086461
1165,15086461
1166,15086461
1167,15086461
1168,15086461
1169,15086461
1170,15086461
1171,15086461
1172,15086461
1173,15086461
1174,15086461
1175,15086461
3902,15086461
3904,15086461
3905,15086461
3906,15086461
3908,15086461
3909,15086461
3910,15086461
3911,15086461
3912,15086461
3913,15086461
3978,15086461
3979,15086461
3980,15086461
3981,15086461
3984,15086461
3985,15086461
3986,15086461
3987,15086461
3988,15086461
4820,15086461
4821,15086461
4854,15086461
4855,15086461
4856,15086461
4857,15086461
4858,15086461
4859,15086461
4991,15086461
1405,15086470
1406,15086470
1407,15086470
1408,15086470
1409,15086470
5369,15086470
5371,15086470
5372,15086470
5438,15086470
5439,15086470
5440,15086470
2252,15086496
2253,15086496
2254,15086496
2255,15086496
2256,15086496
2257,15086496
2258,15086496
2259,15086496
2260,15086496
2261,15086496
2262,15086496
2263,15086496
2729,15086496
2732,15086496
2733,15086496
2734,15086496
2735,15086496
2736,15086496
2737,15086496
2738,15086496
2739,15086496
2741,15086496
2764,15086496
3528,15086496
3529,15086496
3530,15086496
3531,15086496
3532,15086496
3533,15086496
3534,15086496
3535,15086496
3536,15086496
3537,15086496
3539,15086496
3636,15086496
3637,15086496
1410,15086518
1411,15086518
1412,15086518
1413,15086518
1414,15086518
1415,15086518
1416,15086518
1417,15086518
1418,15086518
1419,15086518
1420,15086518
1421,15086518
1422,15086518
4199,15086518
4200,15086518
4202,15086518
4203,15086518
4204,15086518
4205,15086518
4206,15086518
4207,15086518
4208,15086518
4209,15086518
4210,15086518
4211,15086518
4645,15086518
4764,15086518
4881,15086518
4883,15086518
4884,15086518
4885,15086518
4886,15086518
4887,15086518
4888,15086518
4889,15086518
4890,15086518
4891,15086518
4892,15086518
4893,15086518
4983,15086518
4984,15086518
4985,15086518
4986,15086518
2264,15086526
2265,15086526
2266,15086526
2267,15086526
2268,15086526
2269,15086526
2270,15086526
2271,15086526
4166,15086526
4167,15086526
4168,15086526
4169,15086526
4170,15086526
4171,15086526
4172,15086526
4173,15086526
4326,15086526
4327,15086526
4329,15086526
4330,15086526
4331,15086526
4336,15086526
4342,15086526
4343,15086526
4634,15086526
5418,15086526
2380,15086542
2381,15086542
2382,15086542
2383,15086542
5501,15086542
5502,15086542
5503,15086542
5504,15086542
2207,15086550
2208,15086550
2209,15086550
5301,15086550
5302,15086550
5303,15086550
5304,15086550
5305,15086550
5306,15086550
1423,15086569
1424,15086569
1425,15086569
1426,15086569
1427,15086569
1428,15086569
5505,15086569
5506,15086569
5507,15086569
5508,15086569
5509,15086569
5510,15086569
2210,15086577
2211,15086577
2212,15086577
2213,15086577
2214,15086577
5027,15086577
5028,15086577
5029,15086577
5030,15086577
5031,15086577
5032,15086577
1429,15086607
1430,15086607
5480,15086607
5481,15086607
5482,15086607
5483,15086607
5484,15086607
5485,15086607
5486,15086607
2215,15086623
2216,15086623
2217,15086623
2218,15086623
2219,15086623
2220,15086623
2221,15086623
2222,15086623
2223,15086623
2224,15086623
2225,15086623
2917,15086623
2918,15086623
2919,15086623
2920,15086623
2921,15086623
2922,15086623
2923,15086623
2924,15086623
2925,15086623
2926,15086623
2927,15086623
2928,15086623
2930,15086623
2935,15086623
4349,15086623
4350,15086623
4351,15086623
4352,15086623
4353,15086623
4354,15086623
4355,15086623
4356,15086623
4357,15086623
4358,15086623
4359,15086623
4360,15086623
5435,15086623
5467,15086623
2384,15086631
2385,15086631
2386,15086631
2387,15086631
2388,15086631
2389,15086631
5403,15086631
5404,15086631
5405,15086631
5406,15086631
5407,15086631
5408,15086631
5446,15086631
5456,15086631
1176,15086704
1177,15086704
5495,15086704
5496,15086704
5497,15086704
5498,15086704
5499,15086704
5500,15086704
2226,15086763
2227,15086763
2228,15086763
2229,15086763
4403,15086763
4404,15086763
4405,15086763
4406,15086763
4407,15086763
4409,15086763
4413,15086763
2272,15086887
2273,15086887
2274,15086887
5450,15086887
5451,15086887
5452,15086887
5453,15086887
5454,15086887
1661,15086917
1662,15086917
1663,15086917
1665,15086917
1666,15086917
1668,15086917
1669,15086917
3697,15086917
3698,15086917
3699,15086917
3700,15086917
4212,15086917
4213,15086917
4214,15086917
4215,15086917
4732,15086917
4822,15086917
4823,15086917
4824,15086917
4874,15086917
4875,15086917
4876,15086917
4877,15086917
5475,15086917
1313,15086933
1314,15086933
1315,15086933
1316,15086933
5297,15086933
5298,15086933
5299,15086933
5300,15086933
5307,15086933
5308,15086933
5309,15086933
1538,15086950
1539,15086950
5513,15086950
5514,15086950
5515,15086950
5516,15086950
2275,15087000
2276,15087000
2277,15087000
5383,15087000
5384,15087000
5385,15087000
5386,15087000
5387,15087000
5388,15087000
1431,15087018
1432,15087018
1433,15087018
1434,15087018
5376,15087018
5377,15087018
5378,15087018
5379,15087018
5380,15087018
5381,15087018
1178,15087026
1179,15087026
1180,15087026
1181,15087026
1182,15087026
1183,15087026
1184,15087026
1188,15087026
1191,15087026
1192,15087026
1193,15087026
1196,15087026
4721,15087026
4722,15087026
4729,15087026
4730,15087026
4784,15087026
4785,15087026
4786,15087026
4787,15087026
4788,15087026
4791,15087026
4792,15087026
4794,15087026
4795,15087026
4796,15087026
5066,15087026
5067,15087026
5148,15087026
5151,15087026
5152,15087026
5153,15087026
5154,15087026
5155,15087026
5156,15087026
5159,15087026
5374,15087026
1663,15101010
1664,15101010
1970,15102009
1971,15102009
1972,15102009
1973,15102009
1974,15102009
1975,15102009
1435,15116034
1436,15116034
1437,15116034
1438,15116034
1439,15116034
1440,15116034
1441,15116034
1442,15116034
1443,15116034
1444,15116034
1445,15116034
1446,15116034
1447,15116034
1448,15116034
1449,15116034
1450,15116034
1451,15116034
1452,15116034
1453,15116034
1454,15116034
3486,15116034
3487,15116034
3488,15116034
3489,15116034
3490,15116034
3491,15116034
3492,15116034
3493,15116034
3494,15116034
3495,15116034
3496,15116034
3497,15116034
3498,15116034
3499,15116034
3500,15116034
3501,15116034
3502,15116034
3503,15116034
3504,15116034
3505,15116034
3506,15116034
3507,15116034
3508,15116034
3509,15116034
3512,15116034
3513,15116034
3514,15116034
3515,15116034
3516,15116034
3517,15116034
3518,15116034
3519,15116034
3520,15116034
3521,15116034
3522,15116034
3523,15116034
3524,15116034
3525,15116034
3526,15116034
3527,15116034
4816,15116034
4818,15116034
2390,15116050
2391,15116050
2392,15116050
1665,15118142
1666,15118142
1667,15118142
1668,15118142
1669,15118142
1670,15118142
1671,15118142
1672,15118142
1673,15118142
1674,15118142
1675,15118142
1676,15118142
1677,15118142
1678,15118142
1672,15118169
1673,15118169
1674,15118169
1675,15118169
1676,15118169
1677,15118169
1678,15118169
1679,15118169
1680,15118169
1681,15118169
1682,15118169
1683,15118169
1684,15118169
2968,15118169
2969,15118169
2970,15118169
2971,15118169
2972,15118169
2973,15118169
2974,15118169
2975,15118169
4224,15118169
4225,15118169
4227,15118169
4230,15118169
4231,15118169
4232,15118169
4233,15118169
4295,15118169
4297,15118169
4298,15118169
1685,15120112
1686,15120112
1687,15120112
1688,15120112
1689,15120112
1690,15120112
1691,15120112
1692,15120112
1693,15120112
1694,15120112
1695,15120112
1696,15120112
1697,15120112
1698,15120112
1699,15120112
1700,15120112
1701,15120112
1702,15120112
2985,15120112
2986,15120112
2987,15120112
2988,15120112
2989,15120112
2990,15120112
2991,15120112
2992,15120112
2993,15120112
2994,15120112
2995,15120112
2996,15120112
2997,15120112
2998,15120112
2999,15120112
3000,15120112
3001,15120112
3002,15120112
4513,15120112
4514,15120112
4515,15120112
4516,15120112
4517,15120112
4518,15120112
4519,15120112
4520,15120112
4521,15120112
4522,15120112
4523,15120112
4524,15120112
4525,15120112
4526,15120112
4527,15120112
4528,15120112
4529,15120112
4530,15120112
1317,15120120
1318,15120120
1319,15120120
1320,15120120
1560,15130002
1561,15130002
1562,15130002
1563,15130002
1564,15130002
2278,15140197
2279,15140197
2280,15140197
2281,15140197
2282,15140197
2283,15140197
4622,15140197
4623,15140197
4624,15140197
4625,15140197
4626,15140197
4627,15140197
4629,15140197
4630,15140197
4631,15140197
4647,15140197
1976,15140350
1977,15140350
1978,15140350
1979,15140350
1980,15140350
1981,15140350
1982,15140350
1983,15140350
1984,15140350
1985,15140350
1986,15140350
1987,15140350
1679,15140520
1680,15140520
1681,15140520
1682,15140520
1683,15140520
1684,15140520
1685,15140520
1686,15140520
1687,15140520
1688,15140520
1689,15140520
1690,15140520
1691,15140520
1692,15140520
1693,15140520
1694,15140520
1198,15147320
1199,15147320
1200,15147320
1201,15147320
1202,15147320
1203,15147320
1204,15147320
1205,15147320
1206,15147320
1207,15147320
1208,15147320
1209,15147320
1210,15147320
1211,15147320
1212,15147320
1213,15147320
1214,15147320
1215,15147320
1216,15147320
1217,15147320
1218,15147320
1219,15147320
1220,15147320
1221,15147320
1222,15147320
1223,15147320
1224,15147320
1225,15147320
1226,15147320
1227,15147320
1228,15147320
1229,15147320
2936,15147320
2937,15147320
2938,15147320
2939,15147320
2940,15147320
2941,15147320
2942,15147320
2943,15147320
2944,15147320
2945,15147320
2946,15147320
2947,15147320
2948,15147320
2949,15147320
2950,15147320
2951,15147320
2952,15147320
2953,15147320
2954,15147320
2955,15147320
2956,15147320
2957,15147320
2958,15147320
2959,15147320
2960,15147320
2961,15147320
2962,15147320
2963,15147320
2964,15147320
2965,15147320
2966,15147320
4927,15147320
4930,15147320
4935,15147320
4938,15147320
4947,15147320
4948,15147320
4950,15147320
4951,15147320
4953,15147320
4954,15147320
4955,15147320
4956,15147320
4958,15147320
4959,15147320
4961,15147320
4963,15147320
4964,15147320
4965,15147320
4966,15147320
4967,15147320
4968,15147320
4969,15147320
4970,15147320
4971,15147320
4972,15147320
4973,15147320
4974,15147320
4975,15147320
4976,15147320
1540,15147401
1541,15147401
1542,15147401
1543,15147401
1544,15147401
1545,15147401
1546,15147401
1547,15147401
1548,15147401
1549,15147401
1550,15147401
1551,15147401
1552,15147401
1553,15147401
1554,15147401
1555,15147401
5160,15147401
5161,15147401
5162,15147401
5163,15147401
5164,15147401
5165,15147401
5166,15147401
5167,15147401
5168,15147401
5169,15147401
5170,15147401
5171,15147401
5172,15147401
5173,15147401
5174,15147401
5175,15147401
5190,15147401
5273,15147401
5274,15147401
5275,15147401
5276,15147401
5277,15147401
5278,15147401
5279,15147401
5280,15147401
5281,15147401
5282,15147401
5283,15147401
5284,15147401
5285,15147401
2393,15147410
2394,15147410
2395,15147410
2396,15147410
5511,15147410
5512,15147410
2397,15147436
2398,15147436
2399,15147436
2400,15147436
2401,15147436
2402,15147436
2403,15147436
2404,15147436
2405,15147436
2406,15147436
2407,15147436
2408,15147436
2409,15147436
2410,15147436
2411,15147436
2412,15147436
2413,15147436
2414,15147436
2415,15147436
2416,15147436
2417,15147436
2418,15147436
2419,15147436
2420,15147436
2421,15147436
2422,15147436
2423,15147436
4176,15147436
4177,15147436
4178,15147436
4179,15147436
4180,15147436
4182,15147436
4183,15147436
4184,15147436
4185,15147436
4186,15147436
4187,15147436
4189,15147436
4190,15147436
4191,15147436
4192,15147436
4194,15147436
4195,15147436
4493,15147436
4494,15147436
4495,15147436
4496,15147436
4497,15147436
4498,15147436
4499,15147436
4500,15147436
4501,15147436
4502,15147436
4503,15147436
4504,15147436
4505,15147436
4506,15147436
4507,15147436
4508,15147436
4819,15147436
4827,15147436
4840,15147436
4989,15147436
1556,15156915
1557,15156915
1558,15156915
1559,15156915
1560,15156915
1561,15156915
1562,15156915
1563,15156915
1564,15156915
1565,15156915
1566,15156915
1567,15156915
1568,15156915
1569,15156915
1570,15156915
1571,15156915
4151,15156915
4152,15156915
4153,15156915
4154,15156915
4155,15156915
4156,15156915
4157,15156915
4158,15156915
4159,15156915
4160,15156915
4161,15156915
4162,15156915
4163,15156915
4164,15156915
4165,15156915
4174,15156915
4175,15156915
4697,15156915
4698,15156915
4699,15156915
4700,15156915
4701,15156915
4702,15156915
4703,15156915
4704,15156915
4705,15156915
4706,15156915
4707,15156915
4708,15156915
4709,15156915
4710,15156915
4711,15156915
4712,15156915
1834,15158071
1835,15158071
1836,15158071
1837,15158071
1838,15158071
2424,15158152
2425,15158152
2426,15158152
2427,15158152
2428,15158152
2429,15158152
2430,15158152
2431,15158152
2432,15158152
2433,15158152
2434,15158152
2435,15158152
2436,15158152
2437,15158152
2438,15158152
3447,15158152
3448,15158152
3449,15158152
3450,15158152
3451,15158152
3452,15158152
3453,15158152
3454,15158152
3455,15158152
3456,15158152
3457,15158152
3459,15158152
3460,15158152
3461,15158152
3462,15158152
3463,15158152
3464,15158152
3465,15158152
3466,15158152
3467,15158152
3638,15158152
3639,15158152
3640,15158152
3641,15158152
3642,15158152
3643,15158152
3644,15158152
3645,15158152
3646,15158152
3647,15158152
3648,15158152
3649,15158152
3650,15158152
3651,15158152
5517,15158152
5518,15158152
5519,15158152
5520,15158152
1321,15159280
1322,15159280
1323,15159280
1324,15159280
1325,15159280
1326,15159280
1327,15159280
1328,15159280
1329,15159280
1330,15159280
1331,15159280
1332,15159280
1333,15159280
1334,15159280
1335,15159280
1336,15159280
1337,15159280
1338,15159280
2742,15159280
2743,15159280
2744,15159280
2745,15159280
2746,15159280
2747,15159280
2748,15159280
2749,15159280
2750,15159280
2751,15159280
2752,15159280
2753,15159280
2754,15159280
2755,15159280
2756,15159280
2757,15159280
2758,15159280
2759,15159280
4013,15159280
4014,15159280
4015,15159280
4016,15159280
4018,15159280
4020,15159280
4021,15159280
4022,15159280
4031,15159280
4032,15159280
4034,15159280
4036,15159280
4038,15159280
4040,15159280
4042,15159280
4043,15159280
5464,15159280
5468,15159280
2610,15160718
2611,15160718
2612,15160718
2613,15160718
2614,15160718
2615,15160718
2616,15160718
2617,15160718
2618,15160718
2619,15160718
2620,15160718
2621,15160718
2622,15160718
2623,15160718
2624,15160718
2625,15160718
2626,15160718
2627,15160718
2628,15160718
2629,15160718
2787,15160718
2874,15160718
2875,15160718
2899,15160718
2900,15160718
2929,15160718
2931,15160718
2932,15160718
2933,15160718
2934,15160718
2976,15160718
2977,15160718
3114,15160718
3115,15160718
3116,15160718
3117,15160718
3118,15160718
3119,15160718
3120,15160718
3121,15160718
3122,15160718
3123,15160718
3124,15160718
3125,15160718
1565,15160971
1566,15160971
1988,15164799
1989,15164799
1990,15164799
1991,15164799
1992,15164799
1993,15164799
1994,15164799
1995,15164799
1996,15164799
1997,15164799
1998,15164799
1999,15164799
2000,15164799
2001,15164799
1695,15164845
1696,15164845
1697,15164845
1698,15164845
1699,15164845
1700,15164845
1701,15164845
1702,15164845
1703,15164845
1704,15164845
1705,15164845
1706,15164845
2284,15165078
2285,15165078
2286,15165078
2287,15165078
2288,15165078
2289,15165078
2290,15165078
2291,15165078
2292,15165078
2293,15165078
2294,15165078
2295,15165078
2296,15165078
2297,15165078
2298,15165078
2299,15165078
2300,15165078
2301,15165078
2302,15165078
2303,15165078
2304,15165078
2305,15165078
2876,15165078
2877,15165078
2878,15165078
2879,15165078
2880,15165078
2881,15165078
2882,15165078
2883,15165078
2884,15165078
2885,15165078
2886,15165078
2887,15165078
2888,15165078
2889,15165078
2890,15165078
2891,15165078
2892,15165078
2893,15165078
2894,15165078
2895,15165078
2896,15165078
2897,15165078
2898,15165078
3167,15165078
3168,15165078
3170,15165078
3171,15165078
3172,15165078
3173,15165078
3174,15165078
3175,15165078
3176,15165078
3177,15165078
3179,15165078
3180,15165078
3181,15165078
3182,15165078
3183,15165078
3184,15165078
3185,15165078
3935,15165078
1839,15165418
1840,15165418
1841,15165418
1842,15165418
1843,15165418
1844,15165418
1845,15165418
1567,15166740
1568,15166740
1569,15166740
1570,15166740
1571,15166740
1572,15166740
1573,15166740
1574,15166740
1575,15166740
1576,15166740
1577,15166740
1578,15166740
1579,15166740
1580,15166740
1572,15167968
1573,15167968
1574,15167968
1575,15167968
1576,15167968
1577,15167968
1578,15167968
1579,15167968
1580,15167968
1581,15167968
1582,15167968
1583,15167968
1584,15167968
1585,15167968
1586,15167968
1587,15167968
1588,15167968
4377,15167968
4378,15167968
4379,15167968
4380,15167968
4381,15167968
4382,15167968
4383,15167968
4384,15167968
4387,15167968
4388,15167968
4389,15167968
4390,15167968
4391,15167968
4392,15167968
4393,15167968
4456,15167968
4457,15167968
4458,15167968
4459,15167968
4460,15167968
4461,15167968
4462,15167968
4463,15167968
4464,15167968
4465,15167968
4841,15167968
4843,15167968
2439,15168077
2440,15168077
2441,15168077
2442,15168077
2443,15168077
2444,15168077
2445,15168077
2446,15168077
2447,15168077
4395,15168077
4396,15168077
4397,15168077
4398,15168077
4399,15168077
4400,15168077
4401,15168077
4402,15168077
4635,15168077
4636,15168077
4637,15168077
4638,15168077
4639,15168077
4640,15168077
4641,15168077
4642,15168077
1455,15168085
1456,15168085
1457,15168085
1458,15168085
1459,15168085
1460,15168085
1461,15168085
1462,15168085
1463,15168085
1464,15168085
1465,15168085
1466,15168085
1467,15168085
1468,15168085
1469,15168085
1470,15168085
2901,15168085
2902,15168085
2903,15168085
2904,15168085
2905,15168085
2906,15168085
2907,15168085
2908,15168085
2909,15168085
2910,15168085
2911,15168085
2912,15168085
2913,15168085
2914,15168085
2915,15168085
2916,15168085
3126,15168085
3127,15168085
3128,15168085
3129,15168085
3130,15168085
3131,15168085
3132,15168085
3133,15168085
3134,15168085
3135,15168085
3136,15168085
3138,15168085
3139,15168085
3140,15168085
3141,15168085
1846,15169278
1847,15169278
1848,15169278
1849,15169278
1850,15169278
1851,15169278
1852,15169278
2448,15169308
2449,15169308
2450,15169308
5530,15169308
5531,15169308
5532,15169308
5533,15169308
5534,15169308
2306,15169316
2307,15169316
2308,15169316
2309,15169316
1589,15171272
1590,15171272
1591,15171272
1592,15171272
1593,15171272
1594,15171272
1595,15171272
1596,15171272
2813,15171272
2814,15171272
2815,15171272
2816,15171272
2817,15171272
2818,15171272
3398,15171272
3405,15171272
3406,15171272
3407,15171272
3408,15171272
3973,15171272
3974,15171272
3975,15171272
3976,15171272
3977,15171272
4491,15171272
4492,15171272
5368,15171272
5382,15171272
5389,15171272
1597,15172864
1598,15172864
1599,15172864
5521,15172864
5522,15172864
5523,15172864
5524,15172864
5525,15172864
5526,15172864
5539,15172864
5540,15172864
5541,15172864
5542,15172864
5543,15172864
2310,15172872
2311,15172872
2312,15172872
2313,15172872
2314,15172872
2315,15172872
3469,15172872
3557,15172872
3608,15172872
3609,15172872
3610,15172872
3611,15172872
3612,15172872
4363,15172872
4364,15172872
4365,15172872
4366,15172872
4367,15172872
4368,15172872
4369,15172872
4370,15172872
4817,15172872
1230,15173585
1231,15173585
1232,15173585
1233,15173585
1234,15173585
1235,15173585
1236,15173585
1237,15173585
1238,15173585
2978,15173585
2979,15173585
2980,15173585
2981,15173585
2982,15173585
2983,15173585
2984,15173585
3003,15173585
3800,15173585
3801,15173585
3802,15173585
3803,15173585
3805,15173585
3806,15173585
3807,15173585
3953,15173585
5476,15173585
5477,15173585
2451,15173755
2452,15173755
2453,15173755
2454,15173755
2455,15173755
2456,15173755
2457,15173755
2458,15173755
4023,15173755
4024,15173755
4025,15173755
4026,15173755
4027,15173755
4028,15173755
4029,15173755
4030,15173755
4216,15173755
4217,15173755
4218,15173755
4219,15173755
4220,15173755
4221,15173755
4222,15173755
4223,15173755
1239,15175286
1240,15175286
1241,15175286
4714,15175286
4715,15175286
4716,15175286
4717,15175286
4718,15175286
1471,15175294
1472,15175294
1473,15175294
1218,15176460
1219,15176460
1220,15176460
1221,15176460
1222,15176460
1223,15176460
1224,15176460
1225,15176460
1226,15176460
5026,15179192
5033,15179192
5034,15179192
5035,15179192
5036,15179192
5037,15179192
5038,15179192
5039,15179192
5040,15179192
5041,15179192
5042,15179192
5043,15179192
5044,15179192
5045,15179192
5058,15179192
5059,15179192
5060,15179192
5073,15179192
1703,15204804
1704,15204804
1705,15204804
1474,15219143
1475,15219143
1476,15219143
1477,15219143
1478,15219143
1479,15219143
1480,15219143
1482,15219143
1483,15219143
1487,15219143
1488,15219143
1489,15219143
3379,15219143
3380,15219143
3382,15219143
3383,15219143
3385,15219143
3387,15219143
3389,15219143
3390,15219143
3392,15219143
3394,15219143
3395,15219143
3397,15219143
3470,15219143
3472,15219143
3673,15219143
3680,15219143
3714,15219143
3715,15219143
3716,15219143
3717,15219143
3718,15219143
3719,15219143
3720,15219143
3721,15219143
3722,15219143
3723,15219143
3724,15219143
3725,15219143
3726,15219143
3727,15219143
3728,15219143
3729,15219143
3730,15219143
3731,15219143
3732,15219143
1707,15519635
1708,15519635
1709,15519635
1710,15519635
1711,15519635
1712,15519635
1713,15522598
1714,15522598
1581,15522601
1129,15522628
1130,15522628
1227,15522636
1228,15522636
1131,15522644
1715,15522652
2002,15522679
2003,15522679
2004,15522679
2005,15522679
2006,15522679
1229,15522709
1230,15522709
2007,15522717
1132,15522733
1133,15522733
1134,15522733
1135,15522733
1136,15522733
1137,15522733
1138,15522733
1139,15522733
1140,15522733
1141,15522733
1142,15522733
1143,15522733
1144,15522733
1145,15522733
1146,15522733
1147,15522733
1148,15522733
2008,15522741
2009,15522741
1231,15522750
1149,15522784
1150,15522784
1151,15522806
1152,15522806
1153,15522806
1232,15522822
1853,15522830
1854,15522830
1855,15522830
1856,15522830
1857,15522830
1858,15522830
1859,15522830
1860,15522830
1861,15522830
2459,15533042
2460,15533042
2461,15533042
2462,15533042
2463,15533042
2464,15533042
2465,15533042
2466,15533042
2467,15533042
2468,15533042
2469,15533042
2470,15533042
2471,15533042
3540,15533042
3544,15533042
3545,15533042
3546,15533042
3547,15533042
3548,15533042
3549,15533042
3550,15533042
3551,15533042
3552,15533042
3553,15533042
3554,15533042
3555,15533042
3918,15533042
3923,15533042
3924,15533042
3925,15533042
3926,15533042
3927,15533042
3928,15533042
3929,15533042
3930,15533042
3931,15533042
3932,15533042
3933,15533042
3934,15533042
5320,15533042
2630,15535860
2631,15535860
2632,15535860
2633,15535860
2634,15535860
2635,15535860
2636,15535860
2637,15535860
2638,15535860
2639,15535860
2640,15535860
2641,15535860
2642,15535860
2643,15535860
2644,15535860
2645,15535860
2646,15535860
2647,15535860
2648,15535860
2649,15535860
2650,15535860
2651,15535860
2652,15535860
2653,15535860
2654,15535860
2655,15535860
2656,15535860
2657,15535860
2658,15535860
4466,15535860
4467,15535860
4468,15535860
4469,15535860
4470,15535860
4471,15535860
4472,15535860
4473,15535860
4474,15535860
4475,15535860
4476,15535860
4477,15535860
4478,15535860
4479,15535860
4480,15535860
4481,15535860
4482,15535860
4483,15535860
4484,15535860
4485,15535860
4486,15535860
4487,15535860
4488,15535860
4489,15535860
4490,15535860
4837,15535860
4839,15535860
4978,15535860
4979,15535860
4980,15535860
4982,15535860
4987,15535860
5323,15535860
5324,15535860
5325,15535860
5326,15535860
5327,15535860
5328,15535860
5329,15535860
5330,15535860
5331,15535860
5332,15535860
5333,15535860
5334,15535860
5335,15535860
5336,15535860
5339,15535860
5340,15535860
5351,15535860
5352,15535860
5455,15535860
1154,15536378
1155,15536378
1156,15536378
1157,15536378
1158,15536378
1159,15536378
1160,15536378
1161,15536378
1162,15536378
1163,15536378
1164,15536378
1165,15536378
1166,15536378
1167,15536378
1168,15536378
1233,15536424
1234,15536424
1235,15536424
1582,15536432
1236,15536459
1237,15536475
1862,15536505
1863,15536505
1864,15536505
1865,15536505
1866,15536513
1867,15536513
1868,15536513
1869,15536513
1716,15536548
1717,15536548
1718,15536572
1870,15536602
1600,15538672
1601,15538672
1602,15538672
1603,15538672
1604,15538672
1605,15538672
1606,15538672
1607,15538672
1608,15538672
1609,15538672
1610,15538672
1611,15538672
1612,15538672
1613,15538672
4238,15538672
4536,15538672
4561,15538672
4563,15538672
4564,15538672
4565,15538672
4566,15538672
4567,15538672
4569,15538672
5025,15538672
5213,15538672
5234,15538672
5235,15538672
5236,15538672
5237,15538672
5238,15538672
5239,15538672
5240,15538672
5241,15538672
5242,15538672
5243,15538672
5244,15538672
5245,15538672
5246,15538672
5247,15538672
5248,15538672
5255,15538672
5257,15538672
5258,15538672
5260,15538672
5261,15538672
5262,15538672
5263,15538672
5265,15538672
5266,15538672
5267,15538672
5268,15538672
5269,15538672
5289,15538672
5290,15538672
5291,15538672
5292,15538672
5293,15538672
1242,15538923
1243,15538923
1244,15538923
1245,15538923
1246,15538923
1247,15538923
1248,15538923
1249,15538923
1250,15538923
1251,15538923
1252,15538923
1253,15538923
1254,15538923
1255,15538923
1256,15538923
1257,15538923
1258,15538923
1259,15538923
1260,15538923
1261,15538923
3027,15538923
4674,15538923
4675,15538923
4676,15538923
4677,15538923
4678,15538923
4679,15538923
4680,15538923
4681,15538923
4682,15538923
4683,15538923
4684,15538923
4685,15538923
4686,15538923
4687,15538923
4688,15538923
4691,15538923
4692,15538923
4831,15538923
4835,15538923
4836,15538923
5008,15538923
5009,15538923
5010,15538923
5011,15538923
5012,15538923
5013,15538923
5014,15538923
5015,15538923
5016,15538923
5017,15538923
5018,15538923
5019,15538923
5020,15538923
5021,15538923
5022,15538923
5023,15538923
5024,15538923
2010,15540138
2011,15540138
2012,15540138
2013,15540138
2014,15540138
2015,15540138
2016,15540138
2017,15540138
2018,15540138
2019,15540138
2020,15540138
2021,15540138
2022,15540138
2023,15540138
2024,15540138
2025,15540138
2026,15540138
2027,15540138
2028,15540138
2062,15540138
2064,15540138
2065,15540138
2066,15540138
2067,15540138
2068,15540138
2069,15540138
2087,15540138
2088,15540138
2089,15540138
2090,15540138
2092,15540138
2093,15540138
2094,15540138
2096,15540138
2097,15540138
2098,15540138
2029,15540227
2030,15540227
2031,15540227
2032,15540227
2033,15540227
2034,15540227
2035,15540227
2036,15540227
2037,15540227
2038,15540227
2039,15540227
2040,15540227
2041,15540227
2042,15540227
2043,15540227
2044,15540227
2070,15540227
2071,15540227
2072,15540227
2073,15540227
2074,15540227
2075,15540227
2076,15540227
2078,15540227
2079,15540227
2080,15540227
2081,15540227
2082,15540227
2083,15540227
2084,15540227
2085,15540227
2086,15540227
2095,15540227
2099,15540227
1583,15540464
1584,15540464
1585,15540464
1586,15540464
1587,15540464
1588,15540464
1589,15540464
1590,15540464
1591,15540464
1592,15540464
1593,15540464
1594,15540464
1595,15540464
1596,15540464
1597,15540464
1598,15540464
1599,15540464
1706,15542041
1707,15542041
2316,15555429
2317,15555429
2318,15555429
2319,15555429
2320,15555429
2321,15555429
2322,15555429
2323,15555429
2324,15555429
3877,15555429
3878,15555429
3879,15555429
3880,15555429
3881,15555429
3882,15555429
3883,15555429
3884,15555429
3885,15555429
3886,15555429
2472,15555437
2473,15555437
2474,15555437
2475,15555437
2476,15555437
2477,15555437
2478,15555437
2479,15555437
2480,15555437
2481,15555437
2482,15555437
2483,15555437
2484,15555437
2485,15555437
2486,15555437
2487,15555437
2488,15555437
2489,15555437
2490,15555437
2491,15555437
2492,15555437
2493,15555437
2494,15555437
4651,15555437
4652,15555437
4653,15555437
4654,15555437
4655,15555437
4656,15555437
4657,15555437
4658,15555437
4659,15555437
4660,15555437
4661,15555437
4662,15555437
4663,15555437
4664,15555437
4665,15555437
4666,15555437
4667,15555437
4668,15555437
4669,15555437
4670,15555437
4671,15555437
4672,15555437
4673,15555437
4799,15555437
4800,15555437
4801,15555437
4802,15555437
4803,15555437
4804,15555437
4805,15555437
4806,15555437
4807,15555437
4808,15555437
4809,15555437
4810,15555437
4811,15555437
4812,15555437
4813,15555437
4814,15555437
4815,15555437
5321,15555437
1708,15561070
1709,15561070
1710,15561070
1711,15561070
1712,15561070
1713,15561070
1715,15561070
1716,15561070
1718,15561070
1719,15561070
1721,15561070
1722,15561070
1723,15561070
1724,15561070
1726,15561070
1727,15561070
1728,15561070
1731,15561070
1733,15561070
1737,15561070
1740,15561070
1742,15561070
1744,15561070
1745,15561070
2789,15561070
2790,15561070
2791,15561070
2792,15561070
2793,15561070
2794,15561070
2795,15561070
2796,15561070
2797,15561070
2798,15561070
2799,15561070
2800,15561070
2801,15561070
2802,15561070
2803,15561070
2804,15561070
2805,15561070
2806,15561070
2807,15561070
2808,15561070
2809,15561070
2810,15561070
3812,15561070
3813,15561070
3817,15561070
3818,15561070
3825,15561070
3826,15561070
3827,15561070
3829,15561070
3830,15561070
3832,15561070
3835,15561070
3840,15561070
3841,15561070
3842,15561070
3843,15561070
3845,15561070
3847,15561070
3851,15561070
3855,15561070
3865,15561070
3868,15561070
3876,15561070
4531,15561070
4532,15561070
1614,15565602
1615,15565602
5527,15565602
5528,15565602
5529,15565602
2325,15565661
2326,15565661
2327,15565661
2329,15565661
2331,15565661
2332,15565661
2333,15565661
2334,15565661
2335,15565661
2336,15565661
2337,15565661
4046,15565661
4047,15565661
4048,15565661
4049,15565661
4050,15565661
4052,15565661
4053,15565661
4054,15565661
4055,15565661
4056,15565661
4057,15565661
4148,15565661
4150,15565661
4193,15565661
4196,15565661
4305,15565661
4306,15565661
4314,15565661
4315,15565661
4316,15565661
4317,15565661
4318,15565661
4320,15565661
4321,15565661
4995,15565661
5313,15565661
2230,15565823
2231,15565823
2232,15565823
5362,15565823
5363,15565823
5364,15565823
5365,15565823
5366,15565823
5367,15565823
2045,15569810
2046,15569810
2047,15569810
2048,15569810
2049,15569810
2050,15569810
2051,15569810
2052,15569810
1600,15569853
1601,15569853
1602,15569853
1603,15569853
1604,15569853
1605,15569853
1871,15576361
1872,15576361
1873,15576361
1874,15576361
1875,15576361
1876,15576361
1877,15576361
1878,15576361
1879,15576361
1880,15576361
1881,15576361
1882,15576361
1883,15576361
1884,15576361
1885,15576361
1886,15576361
1887,15576361
1888,15576361
1889,15576361
1890,15576361
1891,15576361
1892,15576361
2659,15577180
2660,15577180
2661,15577180
2662,15577180
5358,15577180
5359,15577180
5361,15577180
1746,15577210
1747,15577210
1748,15577210
1749,15577210
1750,15577210
1751,15577210
1752,15577210
1753,15577210
1754,15577210
1755,15577210
1756,15577210
1757,15577210
1758,15577210
1759,15577210
1760,15577210
1761,15577210
1762,15577210
1763,15577210
3049,15577210
3050,15577210
3051,15577210
3052,15577210
3053,15577210
3054,15577210
3055,15577210
3056,15577210
3057,15577210
3058,15577210
3059,15577210
3060,15577210
3061,15577210
3062,15577210
3063,15577210
3064,15577210
3065,15577210
3066,15577210
3067,15577210
3068,15577210
3069,15577210
3070,15577210
3071,15577210
3072,15577210
3073,15577210
3074,15577210
3075,15577210
3076,15577210
3077,15577210
3078,15577210
3079,15577210
3080,15577210
3081,15577210
3082,15577210
3083,15577210
3084,15577210
5479,15577210
1764,15577228
1765,15577228
1766,15577228
1767,15577228
1768,15577228
1769,15577228
1770,15577228
1771,15577228
1772,15577228
1773,15577228
1774,15577228
1775,15577228
1776,15577228
1777,15577228
1778,15577228
1779,15577228
1780,15577228
1781,15577228
3413,15577228
3414,15577228
3415,15577228
3416,15577228
3417,15577228
3418,15577228
3419,15577228
3420,15577228
3421,15577228
3422,15577228
3423,15577228
3424,15577228
3425,15577228
3426,15577228
3427,15577228
3428,15577228
3431,15577228
3432,15577228
3433,15577228
3434,15577228
3435,15577228
3436,15577228
3437,15577228
3438,15577228
3439,15577228
3440,15577228
3441,15577228
3442,15577228
3443,15577228
3444,15577228
3445,15577228
3446,15577228
4753,15577228
4754,15577228
4755,15577228
4756,15577228
1893,15578496
1894,15578496
1895,15578496
1896,15578496
1897,15578496
1898,15578496
1899,15578496
1900,15578496
1901,15578496
1902,15578496
1903,15578496
1904,15578496
1905,15578496
1906,15578496
1907,15578496
1908,15578496
1909,15578496
1910,15578496
1911,15578496
1912,15578496
1913,15578496
1914,15578496
1915,15578496
1916,15578496
2663,15579018
2664,15579018
2233,15587045
2234,15587045
2235,15587045
5535,15587045
5536,15587045
5537,15587045
5538,15587045
1238,15590356
1239,15590356
2053,15875539
2054,15875539
2055,15875539
2056,15875539
2057,15875539
2058,15875539
2059,15875539
2060,15875539
2061,15875539
544,21022704
551,21022704
623,21022704
644,21022704
811,21022704
812,21022704
813,21022704
859,21022704
860,21022704
529,21022712
669,21022712
839,21022712
878,21022712
742,21022720
743,21022720
572,21022739
805,21022739
806,21022739
807,21022739
808,21022739
809,21022739
652,21022755
657,21022755
658,21022755
659,21022755
660,21022755
863,21022755
868,21022755
399,21022763
851,21022763
852,21022763
857,21022763
436,21022771
599,21022771
600,21022771
601,21022771
798,21022771
800,21022771
801,21022771
803,21022771
297,21022780
299,21022780
303,21022780
463,21022780
744,21022780
749,21022780
751,21022780
752,21022780
758,21022780
876,21022780
653,21022828
656,21022828
785,21022852
721,21022860
722,21022860
723,21022860
728,21022860
729,21022860
730,21022860
734,21022860
735,21022860
761,21022860
814,21022895
815,21022895
817,21022895
501,21022925
502,21022925
503,21022925
699,21022925
704,21022925
708,21022925
840,21022925
875,21022925
877,21022925
709,21022941
715,21022941
716,21022941
8080,21022968
8081,21022968
8082,21022968
8083,21022968
8084,21022968
8085,21022968
8086,21022968
8087,21022968
8088,21022968
8089,21022968
8226,21022968
8227,21022968
8228,21022968
8230,21022968
8231,21022968
8232,21022968
8233,21022968
8234,21022968
8235,21022968
8236,21022968
8237,21022968
8238,21022968
8239,21022968
8240,21022968
8241,21022968
8242,21022968
8243,21022968
8244,21022968
8245,21022968
8246,21022968
8560,21022968
8561,21022968
8562,21022968
8563,21022968
8564,21022968
8565,21022968
8566,21022968
8567,21022968
8568,21022968
8569,21022968
8570,21022968
8571,21022968
8572,21022968
8573,21022968
8574,21022968
8575,21022968
8576,21022968
8578,21022968
8762,21022968
8763,21022968
8031,21023034
8032,21023034
8033,21023034
8034,21023034
8035,21023034
7952,21023042
7953,21023042
7954,21023042
7955,21023042
7956,21023042
7957,21023042
8342,21023042
8343,21023042
8344,21023042
8345,21023042
8346,21023042
8347,21023042
7823,21023069
7824,21023069
7825,21023069
7826,21023069
7827,21023069
7828,21023069
7829,21023069
7830,21023069
7868,21023123
7869,21023123
7870,21023123
8409,21023123
8410,21023123
8411,21023123
8412,21023123
8413,21023123
8414,21023123
8415,21023123
8416,21023123
8417,21023123
7958,21023131
7959,21023131
7960,21023131
7961,21023131
7962,21023131
8247,21023131
8248,21023131
8249,21023131
8251,21023131
8252,21023131
8253,21023131
8254,21023131
8255,21023131
8256,21023131
8476,21023131
8522,21023131
8523,21023131
8524,21023131
8525,21023131
8526,21023131
8527,21023131
8528,21023131
8529,21023131
8585,21023131
8586,21023131
8587,21023131
8588,21023131
8589,21023131
7963,21023158
7964,21023158
7965,21023158
7966,21023158
8013,21023174
8014,21023174
8036,21023220
8037,21023220
8038,21023220
8039,21023220
8040,21023220
8338,21023220
8339,21023220
8340,21023220
8341,21023220
7780,21023247
7781,21023247
7782,21023247
7783,21023247
7784,21023247
8206,21023247
8207,21023247
8559,21023247
8579,21023247
8581,21023247
8582,21023247
8583,21023247
7871,21023255
7872,21023255
7873,21023255
7785,21023271
7786,21023271
8277,21023271
8602,21023271
8605,21023271
8606,21023271
8608,21023271
8609,21023271
8610,21023271
8041,21023298
8042,21023298
8043,21023298
8461,21023298
8462,21023298
8463,21023298
8464,21023298
8465,21023298
8466,21023298
8467,21023298
8468,21023298
8469,21023298
8470,21023298
8471,21023298
8472,21023298
8473,21023298
8901,21023298
8902,21023298
8903,21023298
8904,21023298
8905,21023298
8906,21023298
8907,21023298
8908,21023298
8909,21023298
8910,21023298
8911,21023298
8912,21023298
7967,21023352
7968,21023352
7969,21023352
7970,21023352
8360,21023352
8361,21023352
8362,21023352
8363,21023352
8364,21023352
8365,21023352
8366,21023352
8367,21023352
8368,21023352
8369,21023352
8370,21023352
8371,21023352
8531,21023352
8532,21023352
8764,21023352
8044,21023360
8045,21023360
7971,21023387
7972,21023387
8090,21023395
8091,21023395
8092,21023395
8093,21023395
8094,21023395
8095,21023395
8096,21023395
8097,21023395
8402,21023395
8403,21023395
8405,21023395
8406,21023395
8407,21023395
8418,21023395
8419,21023395
8420,21023395
8421,21023395
8422,21023395
8423,21023395
8424,21023395
8425,21023395
8839,21023417
8840,21023417
8845,21023417
8846,21023417
8098,21023441
8099,21023441
8100,21023441
8101,21023441
8102,21023441
8103,21023441
8104,21023441
8105,21023441
7973,21023468
7974,21023468
7975,21023468
8208,21023468
8209,21023468
8210,21023468
8211,21023468
8212,21023468
8215,21023468
8216,21023468
8613,21023468
8676,21023468
8677,21023468
8678,21023468
8679,21023468
8680,21023468
8683,21023468
8732,21023468
8741,21023468
8742,21023468
8743,21023468
8744,21023468
8745,21023468
8746,21023468
8837,21023468
8838,21023468
8955,21023468
8956,21023468
8957,21023468
8958,21023468
8959,21023468
8960,21023468
8961,21023468
8962,21023468
8963,21023468
7831,21023514
7832,21023565
7833,21023565
7834,21023565
8278,21023565
8279,21023565
8280,21023565
8281,21023565
8282,21023565
8283,21023565
8284,21023565
8286,21023565
8287,21023565
8694,21023565
8695,21023565
8696,21023565
8697,21023565
8698,21023565
8699,21023565
8700,21023565
8701,21023565
8702,21023565
8703,21023565
8704,21023565
8705,21023565
8706,21023565
8707,21023565
8708,21023565
8709,21023565
8710,21023565
8711,21023565
8875,21023565
8876,21023565
8877,21023565
8878,21023565
8879,21023565
8880,21023565
8881,21023565
8882,21023565
8883,21023565
8946,21023565
8947,21023565
7787,21023603
7788,21023603
7789,21023603
7790,21023603
7791,21023603
7792,21023603
8323,21023603
8324,21023603
8325,21023603
8326,21023603
8327,21023603
8328,21023603
8329,21023603
8330,21023603
8331,21023603
8332,21023603
8334,21023603
8335,21023603
8336,21023603
8829,21023603
8830,21023603
8831,21023603
8832,21023603
8833,21023603
8834,21023603
8836,21023603
8935,21023603
8936,21023603
8937,21023603
8938,21023603
8939,21023603
8940,21023603
8941,21023603
8942,21023603
8943,21023603
8944,21023603
8945,21023603
7874,21023620
7875,21023620
7976,21023646
7793,21023654
7794,21023654
8294,21023654
8295,21023654
8296,21023654
8774,21023654
8775,21023654
8776,21023654
8777,21023654
8778,21023654
8779,21023654
8780,21023654
8015,21023689
8016,21023689
8017,21023689
8018,21023719
8019,21023719
8020,21023719
7795,21023751
8322,21023751
8428,21023751
8429,21023751
8430,21023751
8431,21023751
8432,21023751
8433,21023751
8434,21023751
7796,21023760
7797,21023760
7798,21023760
7799,21023760
7800,21023760
7835,21023786
7836,21023786
7837,21023786
7838,21023786
8046,21023808
8047,21023808
8048,21023808
8049,21023808
8050,21023808
8051,21023808
8052,21023808
8053,21023808
8054,21023808
8055,21023808
8056,21023808
8057,21023808
8058,21023808
8059,21023808
8060,21023808
8061,21023808
8062,21023808
8063,21023808
8064,21023808
8176,21023808
8177,21023808
8178,21023808
8179,21023808
8180,21023808
8181,21023808
8182,21023808
8183,21023808
8184,21023808
8185,21023808
8186,21023808
8187,21023808
8188,21023808
8213,21023808
8214,21023808
8218,21023808
8219,21023808
8220,21023808
8221,21023808
8222,21023808
8223,21023808
8224,21023808
8225,21023808
8446,21023808
8447,21023808
8448,21023808
8449,21023808
8450,21023808
8451,21023808
8452,21023808
8453,21023808
8454,21023808
8455,21023808
8504,21023808
8505,21023808
8506,21023808
8507,21023808
8508,21023808
8509,21023808
8510,21023808
8511,21023808
8512,21023808
8513,21023808
8514,21023808
8515,21023808
8516,21023808
8553,21023808
8798,21023808
8810,21023808
8812,21023808
8813,21023808
8814,21023808
8815,21023808
8816,21023808
8817,21023808
8818,21023808
8819,21023808
8820,21023808
8821,21023808
8822,21023808
8823,21023808
8856,21023808
8857,21023808
8858,21023808
8860,21023808
8065,21023824
8106,21023840
8107,21023840
8108,21023840
8109,21023840
8261,21023840
8263,21023840
8270,21023840
8271,21023840
8272,21023840
8273,21023840
8292,21023840
8293,21023840
8445,21023840
8595,21023840
8597,21023840
8598,21023840
8599,21023840
8600,21023840
8601,21023840
8603,21023840
8604,21023840
8607,21023840
8611,21023840
8684,21023840
8685,21023840
8686,21023840
8687,21023840
8688,21023840
8689,21023840
8690,21023840
8691,21023840
8692,21023840
8693,21023840
7900,21023859
7901,21023859
7902,21023859
7903,21023859
7904,21023859
7905,21023859
7906,21023859
7907,21023859
7908,21023875
7909,21023875
7910,21023875
7911,21023875
7912,21023875
7913,21023875
7914,21023875
7915,21023875
7916,21023875
7917,21023875
8150,21023875
8151,21023875
8152,21023875
8153,21023875
8154,21023875
8155,21023875
8156,21023875
8157,21023875
8158,21023875
8159,21023875
8160,21023875
8161,21023875
8162,21023875
8163,21023875
8164,21023875
8165,21023875
8166,21023875
8167,21023875
8168,21023875
8169,21023875
8170,21023875
8171,21023875
8172,21023875
8173,21023875
8174,21023875
8175,21023875
8189,21023875
8190,21023875
8191,21023875
8192,21023875
8495,21023875
8496,21023875
8497,21023875
8498,21023875
8499,21023875
8500,21023875
8501,21023875
8502,21023875
8503,21023875
8554,21023875
8555,21023875
8556,21023875
8557,21023875
8558,21023875
8788,21023875
8789,21023875
8790,21023875
8791,21023875
8792,21023875
8793,21023875
8794,21023875
8795,21023875
8796,21023875
8797,21023875
8824,21023875
8825,21023875
8826,21023875
8827,21023875
8828,21023875
8913,21023875
8914,21023875
8915,21023875
8916,21023875
8917,21023875
8918,21023875
8919,21023875
8920,21023875
8921,21023875
8922,21023875
8923,21023875
8924,21023875
8925,21023875
8926,21023875
8927,21023875
8928,21023875
7839,21023883
7840,21023883
7841,21023883
7842,21023883
7843,21023883
7844,21023883
7845,21023883
8309,21023883
8310,21023883
8311,21023883
8312,21023883
8313,21023883
8314,21023883
8315,21023883
8316,21023883
8317,21023883
8318,21023883
8319,21023883
8320,21023883
8539,21023883
8540,21023883
8541,21023883
8542,21023883
8543,21023883
8544,21023883
8545,21023883
8547,21023883
8548,21023883
8549,21023883
8550,21023883
8551,21023883
8552,21023883
8720,21023883
8721,21023883
8722,21023883
8723,21023883
8724,21023883
8725,21023883
8726,21023883
8727,21023883
8728,21023883
8729,21023883
8730,21023883
8731,21023883
8861,21023883
8862,21023883
8863,21023883
8864,21023883
8865,21023883
8866,21023883
8867,21023883
8868,21023883
8869,21023883
8870,21023883
8871,21023883
8872,21023883
7876,21024014
7877,21024014
7878,21024014
7879,21024014
7880,21024014
7881,21024014
7977,21024022
7978,21024022
7979,21024022
7980,21024022
7981,21024030
7982,21024030
7983,21024030
7984,21024030
7985,21024030
7986,21024030
7987,21024030
7988,21024030
7882,21024049
7801,21024057
7802,21024057
7883,21024081
7884,21024081
7885,21024081
8110,21024090
8111,21024090
8112,21024090
8113,21024090
8114,21024090
8274,21024090
8298,21024090
8299,21024090
8300,21024090
8301,21024090
8302,21024090
8303,21024090
8304,21024090
8305,21024090
8306,21024090
8307,21024090
8308,21024090
8667,21024090
8668,21024090
8669,21024090
8670,21024090
8671,21024090
8672,21024090
8673,21024090
8674,21024090
8675,21024090
7846,21024103
7847,21024103
7848,21024103
7849,21024103
8437,21024103
8438,21024103
8439,21024103
8066,21024146
8067,21024146
8068,21024146
8069,21024146
8070,21024146
8071,21024146
8072,21024146
8073,21024146
8074,21024146
8075,21024146
8533,21024146
8534,21024146
8535,21024146
8536,21024146
8537,21024146
8538,21024146
8733,21024146
8736,21024146
8738,21024146
8739,21024146
8740,21024146
8929,21024146
8930,21024146
8931,21024146
8932,21024146
8933,21024146
8934,21024146
7989,21024162
7990,21024162
7991,21024162
7992,21024162
7993,21024162
7994,21024162
7995,21024162
7996,21024162
7997,21024162
7998,21024162
8382,21024162
8384,21024162
8385,21024162
8386,21024162
8388,21024162
8389,21024162
8390,21024162
8391,21024162
8392,21024162
8408,21024162
8426,21024162
8435,21024162
8436,21024162
8440,21024162
8441,21024162
8442,21024162
8443,21024162
8444,21024162
8477,21024162
8478,21024162
8479,21024162
8480,21024162
8481,21024162
8482,21024162
8483,21024162
8484,21024162
8485,21024162
8486,21024162
8487,21024162
8488,21024162
8489,21024162
8490,21024162
8491,21024162
8492,21024162
8493,21024162
8494,21024162
8718,21024162
8753,21024162
8754,21024162
8756,21024162
8758,21024162
8759,21024162
8767,21024162
8768,21024162
8770,21024162
8772,21024162
8787,21024162
8801,21024162
8802,21024162
8803,21024162
8804,21024162
8805,21024162
8806,21024162
8807,21024162
8884,21024162
8885,21024162
8886,21024162
8887,21024162
8888,21024162
8889,21024162
8890,21024162
8891,21024162
8892,21024162
8893,21024162
8894,21024162
8895,21024162
8896,21024162
8897,21024162
8898,21024162
8899,21024162
8900,21024162
7850,21024170
8393,21024170
8394,21024170
8395,21024170
8396,21024170
8397,21024170
8398,21024170
8399,21024170
8400,21024170
8401,21024170
8616,21024170
8617,21024170
8618,21024170
8619,21024170
8620,21024170
8621,21024170
8622,21024170
8623,21024170
8624,21024170
8625,21024170
8626,21024170
8627,21024170
8628,21024170
8629,21024170
8630,21024170
8631,21024170
8632,21024170
8633,21024170
8634,21024170
8635,21024170
8636,21024170
8637,21024170
8638,21024170
8639,21024170
8640,21024170
8641,21024170
8642,21024170
8643,21024170
8644,21024170
8645,21024170
8646,21024170
8647,21024170
8648,21024170
8649,21024170
8650,21024170
8651,21024170
8652,21024170
8653,21024170
8654,21024170
8655,21024170
8656,21024170
7918,21024189
7919,21024189
7920,21024189
7921,21024189
8351,21024189
8352,21024189
8353,21024189
8354,21024189
8355,21024189
8356,21024189
8357,21024189
8358,21024189
8359,21024189
8657,21024189
8658,21024189
8659,21024189
8660,21024189
8661,21024189
8662,21024189
8663,21024189
8664,21024189
8665,21024189
8666,21024189
8712,21024189
8713,21024189
8714,21024189
8715,21024189
8716,21024189
8781,21024189
8782,21024189
8783,21024189
8785,21024189
8786,21024189
3316,21027420
3317,21027420
3148,21027439
3240,21027447
3241,21027447
3242,21027447
3243,21027447
3318,21027455
3319,21027455
3320,21027455
3321,21027455
3322,21027455
3323,21027455
3324,21027455
3325,21027455
3326,21027455
3327,21027455
3328,21027455
3329,21027455
3330,21027455
3331,21027455
3332,21027455
3333,21027455
3334,21027455
3335,21027455
4038,21027455
4039,21027455
4040,21027455
4041,21027455
4042,21027455
4043,21027455
4044,21027455
4045,21027455
4046,21027455
3498,21027463
3499,21027463
3500,21027463
3501,21027463
3502,21027463
3503,21027463
3504,21027463
3505,21027463
3506,21027463
3507,21027463
3508,21027463
3509,21027463
3510,21027463
3762,21027463
3763,21027463
3764,21027463
3765,21027463
3766,21027463
3767,21027463
3768,21027463
3769,21027463
3770,21027463
3568,21027498
3569,21027498
3570,21027498
3571,21027498
3572,21027498
3573,21027498
3574,21027498
3575,21027498
3576,21027498
3577,21027498
3578,21027498
3579,21027498
3580,21027498
3581,21027498
3829,21027498
3830,21027498
3831,21027498
3832,21027498
3833,21027498
3834,21027498
3836,21027498
3838,21027498
3994,21027498
3266,21027501
3267,21027501
3895,21027501
3268,21027510
3269,21027510
3270,21027510
3271,21027510
3272,21027510
3273,21027510
3274,21027510
3275,21027510
3276,21027510
3277,21027510
3828,21027510
3336,21027528
3337,21027528
3338,21027528
3339,21027528
3340,21027528
3341,21027528
3342,21027528
3343,21027528
3344,21027528
3345,21027528
3346,21027528
3347,21027528
3348,21027528
3349,21027528
3350,21027528
3351,21027528
3352,21027528
3353,21027528
3354,21027528
3355,21027528
4008,21027528
4009,21027528
4010,21027528
4011,21027528
4012,21027528
4013,21027528
4014,21027528
4015,21027528
4016,21027528
4017,21027528
4018,21027528
4019,21027528
4020,21027528
4021,21027528
4059,21027528
4067,21027528
4068,21027528
4070,21027528
4071,21027528
4072,21027528
4073,21027528
4074,21027528
4075,21027528
4076,21027528
4077,21027528
4078,21027528
4079,21027528
3149,21027536
3278,21027544
3279,21027544
3280,21027544
3281,21027544
3282,21027544
3283,21027544
3284,21027544
3285,21027544
3286,21027544
3582,21027587
3583,21027587
3584,21027587
3585,21027587
3586,21027587
3587,21027587
3588,21027587
3589,21027587
3590,21027587
3591,21027587
3592,21027587
3593,21027587
3594,21027587
3896,21027587
3897,21027587
3898,21027587
3899,21027587
3244,21027609
3245,21027609
3246,21027609
3247,21027609
3248,21027609
3249,21027609
3250,21027609
3251,21027609
3252,21027609
3253,21027609
3254,21027609
3996,21027609
3413,21027625
3414,21027625
4060,21027625
4061,21027625
3511,21027633
3512,21027633
3513,21027633
3514,21027633
3515,21027633
3516,21027633
3517,21027633
3518,21027633
3519,21027633
3520,21027633
3521,21027641
3522,21027641
3523,21027668
3524,21027668
3525,21027668
3526,21027668
3527,21027668
3528,21027668
3529,21027668
3530,21027668
3531,21027668
3532,21027668
3533,21027668
3534,21027668
3780,21027668
3824,21027668
3082,21027676
3083,21027676
3084,21027676
4001,21027676
4002,21027676
4004,21027676
4005,21027676
4006,21027676
4007,21027676
3150,21027684
3151,21027684
3152,21027684
3153,21027684
3154,21027684
3155,21027684
3156,21027684
3157,21027684
3158,21027684
3159,21027684
3160,21027684
3161,21027684
3162,21027684
3163,21027684
3164,21027684
3165,21027684
3166,21027684
3167,21027684
3168,21027684
3169,21027684
3170,21027684
3171,21027684
3172,21027684
3173,21027684
3174,21027684
3175,21027684
3415,21027692
3416,21027692
3417,21027692
3910,21027692
3911,21027692
3912,21027692
3595,21027706
3596,21027706
3597,21027706
3598,21027706
3599,21027706
3600,21027706
3601,21027706
3602,21027706
3603,21027706
3604,21027706
3605,21027706
3606,21027706
3607,21027706
3608,21027706
3609,21027706
3610,21027706
3611,21027706
3612,21027706
3750,21027706
3772,21027706
3773,21027706
3774,21027706
3775,21027706
3776,21027706
3777,21027706
3778,21027706
3779,21027706
3849,21027706
3850,21027706
3613,21027722
3614,21027722
3615,21027722
3616,21027722
3617,21027722
3618,21027722
3619,21027722
3620,21027722
3621,21027722
3622,21027722
3623,21027722
3624,21027722
3625,21027722
3626,21027722
3627,21027722
3628,21027722
3629,21027722
3630,21027722
3631,21027722
3632,21027722
3633,21027749
3634,21027749
3635,21027749
3636,21027749
3637,21027749
3638,21027749
3639,21027749
3356,21027765
3357,21027765
3358,21027765
3359,21027765
3360,21027765
3361,21027765
3362,21027765
3085,21027773
3086,21027773
4049,21027773
4050,21027773
4052,21027773
4053,21027773
4054,21027773
4057,21027773
4058,21027773
3287,21027781
3288,21027781
3289,21027781
3290,21027781
3291,21027781
3292,21027781
3293,21027781
3294,21027781
3295,21027781
3296,21027781
3297,21027781
3298,21027781
3299,21027781
3300,21027781
3301,21027781
3302,21027781
3882,21027781
3883,21027781
3884,21027781
3885,21027781
3886,21027781
3887,21027781
3888,21027781
3889,21027781
3890,21027781
3891,21027781
3892,21027781
3893,21027781
3535,21027790
3536,21027790
3537,21027790
3538,21027790
3539,21027790
3540,21027790
3541,21027790
3542,21027790
3543,21027790
3544,21027790
3545,21027790
3546,21027790
3943,21027790
3944,21027790
3945,21027790
3946,21027790
3947,21027790
3948,21027790
3949,21027790
3950,21027790
3951,21027790
3952,21027790
3960,21027790
3363,21027838
3364,21027838
3365,21027838
3366,21027838
3715,21027838
3716,21027838
3717,21027838
3718,21027838
3418,21027846
3419,21027846
3420,21027846
4048,21027846
4051,21027846
4055,21027846
4056,21027846
3176,21027854
3177,21027854
3178,21027854
3179,21027854
3180,21027854
3181,21027854
3182,21027854
3183,21027854
3184,21027854
3185,21027854
3186,21027854
3187,21027854
3188,21027854
3189,21027854
3986,21027854
3987,21027854
3988,21027854
3989,21027854
3990,21027854
3991,21027854
3992,21027854
3993,21027854
3190,21027862
3191,21027862
3192,21027862
3193,21027862
3194,21027862
3195,21027862
3196,21027862
3998,21027862
3367,21027870
3368,21027870
3369,21027870
3370,21027870
3371,21027870
3372,21027870
3373,21027870
3374,21027870
3756,21027870
3757,21027870
3758,21027870
3759,21027870
3760,21027870
3761,21027870
3640,21027897
3641,21027897
3642,21027897
3375,21027919
3376,21027919
3377,21027919
3378,21027919
3379,21027919
3380,21027919
3381,21027919
3382,21027919
3383,21027919
3384,21027919
3385,21027919
3386,21027919
3387,21027919
3388,21027919
3389,21027919
3390,21027919
3391,21027919
3392,21027919
3393,21027919
3394,21027919
3395,21027919
3396,21027919
3397,21027919
3398,21027919
3399,21027919
3400,21027919
3401,21027919
3402,21027919
3403,21027919
3404,21027919
3405,21027919
3406,21027919
3407,21027919
3851,21027919
3852,21027919
3853,21027919
3856,21027919
3857,21027919
3858,21027919
3859,21027919
3860,21027919
3861,21027919
3862,21027919
3863,21027919
3864,21027919
3868,21027919
3869,21027919
3870,21027919
3871,21027919
3872,21027919
3873,21027919
3874,21027919
3875,21027919
3876,21027919
3877,21027919
3878,21027919
3879,21027919
3880,21027919
3881,21027919
3421,21027927
3422,21027927
3423,21027927
3424,21027927
3425,21027927
3426,21027927
3427,21027927
3428,21027927
3429,21027927
3430,21027927
3431,21027927
3432,21027927
3968,21027927
3969,21027927
3971,21027927
3972,21027927
3973,21027927
3974,21027927
3975,21027927
3976,21027927
3977,21027927
3978,21027927
3981,21027927
3984,21027927
3197,21027960
3198,21027960
3199,21027960
3200,21027960
3201,21027960
3202,21027960
3203,21027960
3204,21027960
3205,21027960
3206,21027960
3207,21027960
3208,21027960
3209,21027960
3210,21027960
3211,21027960
3997,21027960
4337,21030383
4338,21030383
4339,21030383
4340,21030383
4341,21030383
4342,21030383
4343,21030383
4344,21030383
4345,21030383
4346,21030383
4347,21030383
4348,21030383
4349,21030383
4350,21030383
4351,21030383
4352,21030383
4353,21030383
4354,21030383
4355,21030383
4356,21030383
4357,21030383
4358,21030383
4359,21030383
4360,21030383
4361,21030383
4362,21030383
4363,21030383
4364,21030383
4365,21030383
4366,21030383
4367,21030383
4368,21030383
4369,21030383
4370,21030383
4371,21030383
4372,21030383
4373,21030383
4374,21030383
4375,21030383
4658,21030383
4664,21030383
4665,21030383
4666,21030383
4667,21030383
4668,21030383
4670,21030383
4671,21030383
4672,21030383
4673,21030383
4674,21030383
4675,21030383
4676,21030383
4681,21030383
4682,21030383
4683,21030383
4684,21030383
4912,21030383
4961,21030383
4962,21030383
5198,21030383
5199,21030383
5200,21030383
5201,21030383
5202,21030383
5205,21030383
5206,21030383
5207,21030383
5208,21030383
5209,21030383
5210,21030383
5211,21030383
5212,21030383
5213,21030383
5214,21030383
5215,21030383
5216,21030383
5217,21030383
5218,21030383
5219,21030383
5220,21030383
5221,21030383
5550,21030383
5742,21030383
5743,21030383
5744,21030383
5745,21030383
5746,21030383
5747,21030383
5755,21030383
5756,21030383
5757,21030383
5758,21030383
5759,21030383
5764,21030383
5765,21030383
5933,21030383
5963,21030383
6026,21030383
6045,21030383
6064,21030383
6066,21030383
6090,21030383
6091,21030383
6092,21030383
6093,21030383
6094,21030383
6095,21030383
6096,21030383
6099,21030383
6100,21030383
6101,21030383
6102,21030383
6103,21030383
6318,21030383
6319,21030383
6472,21030383
6473,21030383
6474,21030383
6475,21030383
6476,21030383
6477,21030383
6478,21030383
6479,21030383
6480,21030383
6481,21030383
6482,21030383
6483,21030383
6484,21030383
6485,21030383
6496,21030383
6500,21030383
6652,21030383
6653,21030383
6655,21030383
3929,21030391
4485,21030391
4486,21030391
5306,21030391
5308,21030391
5527,21030391
6349,21030391
6350,21030391
4201,21030413
4202,21030413
4203,21030413
4204,21030413
4205,21030413
4206,21030413
4207,21030413
4208,21030413
4209,21030413
4779,21030413
4780,21030413
4781,21030413
4782,21030413
4783,21030413
4807,21030413
5506,21030413
5507,21030413
5508,21030413
5509,21030413
5510,21030413
5691,21030413
5692,21030413
5699,21030413
6284,21030413
6285,21030413
6397,21030413
6398,21030413
6401,21030413
6414,21030413
4279,21030456
6374,21030456
6502,21030456
6503,21030456
6641,21030456
6642,21030456
3838,21030464
3839,21030464
4889,21030464
4890,21030464
5532,21030464
5554,21030464
6008,21030464
6009,21030464
4099,21030537
4865,21030537
4908,21030537
4909,21030537
4910,21030537
4919,21030537
4920,21030537
4921,21030537
5007,21030537
5604,21030537
5796,21030537
5797,21030537
5932,21030537
5958,21030537
3840,21030553
3841,21030553
3842,21030553
3843,21030553
3844,21030553
3845,21030553
3846,21030553
3847,21030553
3848,21030553
3849,21030553
3850,21030553
4726,21030553
4808,21030553
4809,21030553
4810,21030553
4811,21030553
4812,21030553
4813,21030553
4973,21030553
5451,21030553
5452,21030553
5453,21030553
5454,21030553
5455,21030553
5456,21030553
5457,21030553
6038,21030553
6039,21030553
6342,21030553
6343,21030553
6344,21030553
6345,21030553
6346,21030553
3930,21030561
3931,21030561
4864,21030561
4914,21030561
4915,21030561
4922,21030561
4923,21030561
4924,21030561
4925,21030561
4926,21030561
4927,21030561
4928,21030561
4929,21030561
4930,21030561
4931,21030561
5625,21030561
5626,21030561
5627,21030561
5798,21030561
6357,21030561
4100,21030588
4101,21030588
4102,21030588
4103,21030588
4104,21030588
4105,21030588
4106,21030588
4107,21030588
4108,21030588
4109,21030588
4110,21030588
4111,21030588
4112,21030588
4699,21030588
4700,21030588
4701,21030588
4702,21030588
4703,21030588
4704,21030588
4705,21030588
4706,21030588
5003,21030588
5004,21030588
5158,21030588
5159,21030588
5160,21030588
5161,21030588
5163,21030588
5164,21030588
5166,21030588
5167,21030588
5194,21030588
5585,21030588
5587,21030588
5588,21030588
5701,21030588
5703,21030588
5884,21030588
5886,21030588
5887,21030588
5888,21030588
5889,21030588
6611,21030588
6625,21030588
3771,21030600
3772,21030600
3773,21030600
3774,21030600
3775,21030600
3776,21030600
3777,21030600
3778,21030600
3779,21030600
3780,21030600
4581,21030600
4582,21030600
4583,21030600
4584,21030600
4585,21030600
4586,21030600
5319,21030600
5320,21030600
5321,21030600
5502,21030600
5503,21030600
5632,21030600
5633,21030600
5634,21030600
5635,21030600
5636,21030600
6395,21030600
6396,21030600
6405,21030600
6406,21030600
6411,21030600
6412,21030600
6413,21030600
6437,21030600
6438,21030600
6439,21030600
6440,21030600
6441,21030600
6442,21030600
3781,21030626
3782,21030626
3783,21030626
3784,21030626
3785,21030626
3786,21030626
3787,21030626
4662,21030626
4663,21030626
4669,21030626
4677,21030626
4692,21030626
5309,21030626
5310,21030626
5312,21030626
5313,21030626
5314,21030626
5315,21030626
5316,21030626
5674,21030626
5675,21030626
5676,21030626
5682,21030626
5683,21030626
5684,21030626
6351,21030626
6352,21030626
6353,21030626
6354,21030626
6355,21030626
6356,21030626
4033,21030634
4034,21030634
4035,21030634
4036,21030634
4037,21030634
4038,21030634
4039,21030634
4040,21030634
4687,21030634
4688,21030634
4689,21030634
4690,21030634
4691,21030634
4693,21030634
5360,21030634
5366,21030634
5367,21030634
5368,21030634
5369,21030634
5569,21030634
5685,21030634
5686,21030634
5687,21030634
5688,21030634
5689,21030634
6256,21030634
6268,21030634
6291,21030634
6292,21030634
6293,21030634
6296,21030634
3788,21030642
3789,21030642
3790,21030642
3791,21030642
3792,21030642
3793,21030642
3794,21030642
3795,21030642
3796,21030642
3797,21030642
4830,21030642
4831,21030642
4832,21030642
4833,21030642
4834,21030642
4835,21030642
4836,21030642
4837,21030642
4838,21030642
5346,21030642
5354,21030642
5356,21030642
5377,21030642
5409,21030642
5825,21030642
5826,21030642
5827,21030642
5828,21030642
5829,21030642
6387,21030642
3798,21030650
3799,21030650
4528,21030650
4570,21030650
4571,21030650
5093,21030650
5094,21030650
5095,21030650
5852,21030650
5853,21030650
5854,21030650
6457,21030650
6459,21030650
4210,21030707
4211,21030707
4212,21030707
4213,21030707
4214,21030707
4215,21030707
4216,21030707
4217,21030707
4566,21030707
4567,21030707
4568,21030707
4569,21030707
5153,21030707
5154,21030707
5155,21030707
5643,21030707
5644,21030707
5645,21030707
5647,21030707
6361,21030707
6362,21030707
6375,21030707
6377,21030707
6379,21030707
6380,21030707
6381,21030707
6528,21030707
6529,21030707
6604,21030707
6605,21030707
6606,21030707
6607,21030707
4280,21030715
4842,21030715
4843,21030715
5804,21030715
5805,21030715
5834,21030715
5835,21030715
4376,21030723
4377,21030723
4378,21030723
4379,21030723
4380,21030723
4381,21030723
4382,21030723
4383,21030723
4384,21030723
4470,21030723
4471,21030723
4472,21030723
4474,21030723
4477,21030723
4541,21030723
4897,21030723
4898,21030723
5102,21030723
5103,21030723
5105,21030723
5106,21030723
5107,21030723
5555,21030723
5605,21030723
5606,21030723
5952,21030723
5953,21030723
5954,21030723
5955,21030723
5960,21030723
6517,21030723
6520,21030723
6521,21030723
6643,21030723
6644,21030723
6645,21030723
6646,21030723
6647,21030723
6648,21030723
6649,21030723
6650,21030723
4041,21030782
4042,21030782
4043,21030782
4044,21030782
4045,21030782
4046,21030782
4047,21030782
4048,21030782
4800,21030782
4801,21030782
4802,21030782
4803,21030782
4804,21030782
4805,21030782
5307,21030782
5311,21030782
5373,21030782
5374,21030782
5375,21030782
5631,21030782
5659,21030782
5660,21030782
5662,21030782
6298,21030782
6299,21030782
6300,21030782
6301,21030782
6302,21030782
6303,21030782
6304,21030782
6656,21030782
6657,21030782
6658,21030782
6659,21030782
6660,21030782
6661,21030782
4049,21030790
4050,21030790
4051,21030790
4052,21030790
4053,21030790
4054,21030790
4055,21030790
4056,21030790
4057,21030790
4058,21030790
4059,21030790
4060,21030790
4061,21030790
4062,21030790
4063,21030790
4064,21030790
4065,21030790
4066,21030790
4067,21030790
4068,21030790
4069,21030790
4483,21030790
4487,21030790
4488,21030790
4489,21030790
4490,21030790
4491,21030790
4492,21030790
4493,21030790
4494,21030790
4495,21030790
4733,21030790
4734,21030790
4735,21030790
5076,21030790
5078,21030790
5079,21030790
5080,21030790
5081,21030790
5084,21030790
5085,21030790
5370,21030790
5371,21030790
5372,21030790
5680,21030790
5767,21030790
5768,21030790
5771,21030790
5772,21030790
5773,21030790
5774,21030790
5775,21030790
5776,21030790
5777,21030790
5778,21030790
5779,21030790
6067,21030790
6068,21030790
6069,21030790
6070,21030790
6071,21030790
6072,21030790
6073,21030790
6074,21030790
6075,21030790
6076,21030790
6077,21030790
6097,21030790
6494,21030790
6495,21030790
6572,21030790
6573,21030790
6574,21030790
6575,21030790
6576,21030790
6578,21030790
6581,21030790
6582,21030790
6583,21030790
6584,21030790
6585,21030790
6586,21030790
6587,21030790
6588,21030790
6589,21030790
4281,21030863
4970,21030863
4971,21030863
5539,21030863
5540,21030863
5542,21030863
5543,21030863
5544,21030863
5545,21030863
6427,21030863
6430,21030863
6445,21030863
6446,21030863
6447,21030863
6448,21030863
4113,21030901
4114,21030901
4115,21030901
4116,21030901
4117,21030901
4118,21030901
4119,21030901
4826,21030901
4828,21030901
4829,21030901
4840,21030901
5010,21030901
5012,21030901
5568,21030901
6310,21030901
6311,21030901
6312,21030901
6603,21030901
6654,21030901
6666,21030901
3851,21030936
3852,21030936
3853,21030936
3854,21030936
3855,21030936
3856,21030936
3857,21030936
3858,21030936
3859,21030936
3860,21030936
3861,21030936
3862,21030936
3863,21030936
3864,21030936
4649,21030936
4759,21030936
4760,21030936
4761,21030936
4762,21030936
4763,21030936
4764,21030936
4765,21030936
4766,21030936
5069,21030936
5070,21030936
5071,21030936
5072,21030936
5073,21030936
5333,21030936
5334,21030936
5340,21030936
5342,21030936
5601,21030936
5769,21030936
5770,21030936
6021,21030936
6022,21030936
6363,21030936
6364,21030936
6365,21030936
6382,21030936
6383,21030936
6384,21030936
6385,21030936
6635,21030936
6637,21030936
6638,21030936
4218,21030944
4938,21030944
4939,21030944
5484,21030944
5485,21030944
6250,21030944
6251,21030944
4120,21030995
4121,21030995
4122,21030995
4123,21030995
4124,21030995
4125,21030995
4126,21030995
4127,21030995
4128,21030995
4129,21030995
4130,21030995
4131,21030995
4132,21030995
4133,21030995
4134,21030995
4135,21030995
4136,21030995
4137,21030995
4138,21030995
4139,21030995
4140,21030995
4141,21030995
4142,21030995
4143,21030995
4144,21030995
4145,21030995
4146,21030995
4147,21030995
4148,21030995
4149,21030995
4150,21030995
4151,21030995
4152,21030995
4153,21030995
4529,21030995
4544,21030995
4545,21030995
4547,21030995
4549,21030995
4551,21030995
4553,21030995
4555,21030995
4557,21030995
4558,21030995
4559,21030995
4561,21030995
4563,21030995
4911,21030995
5045,21030995
5049,21030995
5050,21030995
5051,21030995
5052,21030995
5054,21030995
5055,21030995
5056,21030995
5057,21030995
5123,21030995
5610,21030995
5611,21030995
5612,21030995
5613,21030995
5614,21030995
5615,21030995
5616,21030995
5617,21030995
5618,21030995
5619,21030995
5936,21030995
5937,21030995
5949,21030995
6104,21030995
6105,21030995
6106,21030995
6107,21030995
6108,21030995
6109,21030995
6264,21030995
6265,21030995
6266,21030995
6322,21030995
6426,21030995
6501,21030995
6531,21030995
6532,21030995
6533,21030995
6534,21030995
6535,21030995
6536,21030995
6537,21030995
6545,21030995
6548,21030995
6551,21030995
6553,21030995
6555,21030995
6556,21030995
6558,21030995
6559,21030995
6560,21030995
6667,21030995
3800,21031029
3801,21031029
4936,21031029
4937,21031029
5486,21031029
5487,21031029
6252,21031029
6253,21031029
6590,21031029
3932,21031037
3933,21031037
3934,21031037
3935,21031037
3936,21031037
3937,21031037
3938,21031037
3939,21031037
3940,21031037
3941,21031037
4814,21031037
4815,21031037
4816,21031037
4817,21031037
4818,21031037
4819,21031037
4964,21031037
4977,21031037
4978,21031037
5125,21031037
5126,21031037
5127,21031037
5128,21031037
5303,21031037
5735,21031037
5780,21031037
5781,21031037
5956,21031037
5983,21031037
5984,21031037
5985,21031037
5986,21031037
5987,21031037
5991,21031037
5992,21031037
5993,21031037
5994,21031037
6007,21031037
6468,21031037
6497,21031037
6499,21031037
4070,21031045
4071,21031045
4072,21031045
4073,21031045
4074,21031045
4075,21031045
4777,21031045
4778,21031045
4785,21031045
4918,21031045
4957,21031045
4998,21031045
5170,21031045
5172,21031045
5173,21031045
5873,21031045
5874,21031045
5875,21031045
4219,21031053
4820,21031053
4821,21031053
5110,21031053
5111,21031053
6260,21031053
6278,21031053
6600,21031053
4385,21031061
4386,21031061
4387,21031061
4388,21031061
4389,21031061
4390,21031061
4391,21031061
4916,21031061
4917,21031061
4942,21031061
4943,21031061
4952,21031061
5468,21031061
5478,21031061
5480,21031061
6243,21031061
6244,21031061
6245,21031061
6246,21031061
4220,21031070
4221,21031070
4222,21031070
4223,21031070
4224,21031070
4225,21031070
4226,21031070
4227,21031070
4228,21031070
4229,21031070
4230,21031070
4231,21031070
4232,21031070
4233,21031070
4234,21031070
4617,21031070
4621,21031070
4622,21031070
4623,21031070
4657,21031070
5254,21031070
5255,21031070
5256,21031070
5257,21031070
5258,21031070
5259,21031070
5651,21031070
5652,21031070
5655,21031070
5656,21031070
5657,21031070
5658,21031070
5723,21031070
6078,21031070
6079,21031070
6080,21031070
6081,21031070
6082,21031070
6083,21031070
6432,21031070
6530,21031070
6538,21031070
6539,21031070
6540,21031070
6543,21031070
6557,21031070
3942,21031118
3943,21031118
3944,21031118
3945,21031118
3946,21031118
3947,21031118
3948,21031118
3949,21031118
3950,21031118
4590,21031118
4591,21031118
4592,21031118
4593,21031118
4594,21031118
4799,21031118
4966,21031118
5046,21031118
5406,21031118
5420,21031118
5436,21031118
5437,21031118
5446,21031118
5448,21031118
6238,21031118
6239,21031118
6240,21031118
6241,21031118
6242,21031118
6561,21031118
6567,21031118
6568,21031118
6569,21031118
6570,21031118
4392,21031126
4393,21031126
4394,21031126
4395,21031126
4396,21031126
4397,21031126
4398,21031126
4399,21031126
4754,21031126
4755,21031126
4756,21031126
4757,21031126
4758,21031126
4963,21031126
5174,21031126
5175,21031126
5177,21031126
5180,21031126
5700,21031126
5702,21031126
5879,21031126
5880,21031126
6436,21031126
6458,21031126
3951,21031134
3952,21031134
3953,21031134
3954,21031134
3955,21031134
3956,21031134
3957,21031134
3958,21031134
3959,21031134
3960,21031134
3961,21031134
3962,21031134
3963,21031134
3964,21031134
3965,21031134
3966,21031134
3967,21031134
3968,21031134
3969,21031134
3970,21031134
3971,21031134
3972,21031134
3973,21031134
3974,21031134
3975,21031134
3976,21031134
4521,21031134
4525,21031134
4526,21031134
4527,21031134
4530,21031134
4531,21031134
4532,21031134
4533,21031134
4535,21031134
5243,21031134
5244,21031134
5245,21031134
5246,21031134
5247,21031134
5248,21031134
5249,21031134
5250,21031134
5251,21031134
5734,21031134
5751,21031134
5752,21031134
5753,21031134
5760,21031134
5761,21031134
5762,21031134
5763,21031134
5807,21031134
5855,21031134
5856,21031134
5857,21031134
5858,21031134
5859,21031134
5860,21031134
5861,21031134
5863,21031134
6425,21031134
6486,21031134
6487,21031134
6488,21031134
6489,21031134
6490,21031134
6491,21031134
6492,21031134
6493,21031134
6627,21031134
6628,21031134
4282,21031177
4283,21031177
4284,21031177
4285,21031177
4286,21031177
4795,21031177
4796,21031177
4797,21031177
4798,21031177
4956,21031177
4997,21031177
5182,21031177
5183,21031177
5184,21031177
5185,21031177
5186,21031177
5677,21031177
5678,21031177
5869,21031177
5870,21031177
5872,21031177
6455,21031177
6498,21031177
4076,21031185
4077,21031185
4078,21031185
4079,21031185
4080,21031185
4081,21031185
4082,21031185
4083,21031185
4084,21031185
4872,21031185
4873,21031185
4874,21031185
4875,21031185
4876,21031185
4877,21031185
4878,21031185
5236,21031185
5237,21031185
5238,21031185
5239,21031185
5240,21031185
5267,21031185
5268,21031185
5736,21031185
5737,21031185
5738,21031185
5739,21031185
6041,21031185
6042,21031185
6043,21031185
6044,21031185
6267,21031185
6277,21031185
6308,21031185
6309,21031185
6433,21031185
6608,21031185
6609,21031185
6634,21031185
3977,21031223
3978,21031223
3979,21031223
3980,21031223
4869,21031223
4870,21031223
4871,21031223
5552,21031223
5553,21031223
5803,21031223
5806,21031223
6010,21031223
6017,21031223
6341,21031223
6416,21031223
3981,21031231
3982,21031231
3983,21031231
3984,21031231
3985,21031231
3986,21031231
3987,21031231
3988,21031231
4885,21031231
4886,21031231
4887,21031231
4888,21031231
5470,21031231
5471,21031231
5474,21031231
5476,21031231
6390,21031231
6391,21031231
6392,21031231
6393,21031231
6417,21031231
6418,21031231
6419,21031231
6420,21031231
4235,21031240
4236,21031240
4237,21031240
4238,21031240
4239,21031240
4240,21031240
4241,21031240
4788,21031240
4790,21031240
4791,21031240
4792,21031240
4793,21031240
4968,21031240
4993,21031240
4994,21031240
4999,21031240
5000,21031240
5461,21031240
5479,21031240
5489,21031240
5490,21031240
5500,21031240
5501,21031240
5639,21031240
5716,21031240
5717,21031240
5718,21031240
6325,21031240
6328,21031240
6330,21031240
6331,21031240
6402,21031240
6524,21031240
6525,21031240
6526,21031240
6562,21031240
4287,21031282
4288,21031282
4289,21031282
4844,21031282
4845,21031282
5380,21031282
5830,21031282
3989,21031290
5006,21031290
5157,21031290
6360,21031290
6415,21031290
4400,21031304
4401,21031304
4402,21031304
4866,21031304
4867,21031304
4868,21031304
5395,21031304
5396,21031304
5397,21031304
6288,21031304
6289,21031304
6290,21031304
6295,21031304
6297,21031304
4403,21031312
4404,21031312
4405,21031312
4406,21031312
4407,21031312
4408,21031312
4409,21031312
4410,21031312
4411,21031312
4412,21031312
4413,21031312
4414,21031312
4415,21031312
4416,21031312
4417,21031312
4418,21031312
4419,21031312
4420,21031312
4421,21031312
4422,21031312
4423,21031312
4424,21031312
4425,21031312
4426,21031312
4427,21031312
4428,21031312
4429,21031312
4430,21031312
4431,21031312
4432,21031312
4433,21031312
4434,21031312
4447,21031312
4468,21031312
4496,21031312
4497,21031312
4603,21031312
4614,21031312
4627,21031312
4635,21031312
4645,21031312
4646,21031312
4647,21031312
4648,21031312
4650,21031312
4656,21031312
4659,21031312
4660,21031312
5304,21031312
5376,21031312
5426,21031312
5427,21031312
5429,21031312
5434,21031312
5438,21031312
5463,21031312
5467,21031312
5477,21031312
5491,21031312
5493,21031312
5497,21031312
5498,21031312
5499,21031312
5504,21031312
5836,21031312
5838,21031312
5840,21031312
5841,21031312
5842,21031312
5843,21031312
5844,21031312
5845,21031312
5846,21031312
5847,21031312
5848,21031312
5849,21031312
5850,21031312
5851,21031312
5938,21031312
6018,21031312
6636,21031312
4435,21031320
4436,21031320
4437,21031320
4438,21031320
4484,21031320
4604,21031320
4612,21031320
4613,21031320
5136,21031320
5137,21031320
5138,21031320
5583,21031320
5988,21031320
5989,21031320
5996,21031320
5998,21031320
4439,21031339
4440,21031339
4441,21031339
4442,21031339
4710,21031339
4712,21031339
4713,21031339
4714,21031339
5223,21031339
5224,21031339
5225,21031339
5226,21031339
5941,21031339
5990,21031339
5995,21031339
6403,21031339
4085,21031347
4086,21031347
4087,21031347
4088,21031347
4089,21031347
4090,21031347
4651,21031347
4652,21031347
4653,21031347
4654,21031347
4655,21031347
5260,21031347
5261,21031347
5263,21031347
5264,21031347
5265,21031347
5266,21031347
6084,21031347
6085,21031347
6086,21031347
6087,21031347
6088,21031347
6089,21031347
4290,21031355
4291,21031355
4292,21031355
4587,21031355
4588,21031355
4589,21031355
5317,21031355
5318,21031355
6408,21031355
6409,21031355
3990,21031371
3991,21031371
3992,21031371
3993,21031371
4709,21031371
4715,21031371
4716,21031371
4722,21031371
5511,21031371
5512,21031371
5513,21031371
5514,21031371
6366,21031371
6367,21031371
6368,21031371
6369,21031371
4154,21031380
4155,21031380
4156,21031380
4157,21031380
4158,21031380
4707,21031380
4736,21031380
4737,21031380
4738,21031380
4739,21031380
5022,21031380
5023,21031380
5024,21031380
5025,21031380
5273,21031380
5567,21031380
6049,21031380
6050,21031380
6051,21031380
6052,21031380
6053,21031380
6358,21031380
6434,21031380
3802,21031398
4841,21031398
5122,21031398
6347,21031398
3994,21031401
3995,21031401
3996,21031401
3997,21031401
3998,21031401
3999,21031401
4000,21031401
4001,21031401
4002,21031401
4003,21031401
4004,21031401
4005,21031401
4542,21031401
4543,21031401
4548,21031401
4550,21031401
4552,21031401
4554,21031401
4556,21031401
4560,21031401
4562,21031401
4565,21031401
4896,21031401
5280,21031401
5281,21031401
5282,21031401
5283,21031401
5285,21031401
5287,21031401
5288,21031401
5591,21031401
6000,21031401
6001,21031401
6002,21031401
6003,21031401
6004,21031401
6005,21031401
6006,21031401
6400,21031401
4159,21031410
4160,21031410
4161,21031410
4631,21031410
4632,21031410
4633,21031410
5088,21031410
5090,21031410
5864,21031410
5865,21031410
5866,21031410
4006,21031444
4007,21031444
4008,21031444
4009,21031444
4010,21031444
4011,21031444
4012,21031444
4013,21031444
4014,21031444
4015,21031444
4016,21031444
4017,21031444
4018,21031444
4019,21031444
4020,21031444
4021,21031444
4022,21031444
4023,21031444
4024,21031444
4025,21031444
4026,21031444
4027,21031444
4595,21031444
4596,21031444
4597,21031444
4598,21031444
4599,21031444
4600,21031444
4601,21031444
4611,21031444
4619,21031444
4624,21031444
4626,21031444
4948,21031444
4949,21031444
5058,21031444
5060,21031444
5061,21031444
5384,21031444
5385,21031444
5386,21031444
5387,21031444
5388,21031444
5389,21031444
5390,21031444
5391,21031444
5392,21031444
5607,21031444
5650,21031444
5690,21031444
6269,21031444
6270,21031444
6271,21031444
6272,21031444
6273,21031444
6274,21031444
6275,21031444
6276,21031444
6306,21031444
6389,21031444
6563,21031444
6564,21031444
3865,21031460
3866,21031460
3867,21031460
3868,21031460
3869,21031460
3870,21031460
3871,21031460
3872,21031460
3873,21031460
3874,21031460
3875,21031460
3876,21031460
3877,21031460
3878,21031460
3879,21031460
3880,21031460
3881,21031460
4500,21031460
4503,21031460
4504,21031460
4505,21031460
4506,21031460
4507,21031460
4508,21031460
4509,21031460
4510,21031460
4708,21031460
4983,21031460
5227,21031460
5252,21031460
5253,21031460
5262,21031460
5270,21031460
5272,21031460
5274,21031460
5292,21031460
5518,21031460
5519,21031460
5584,21031460
5637,21031460
5648,21031460
5649,21031460
5653,21031460
5654,21031460
5661,21031460
5664,21031460
6025,21031460
6029,21031460
6030,21031460
6032,21031460
6034,21031460
6040,21031460
6111,21031460
6399,21031460
6407,21031460
6410,21031460
6465,21031460
6466,21031460
6467,21031460
6469,21031460
6470,21031460
6471,21031460
721,21031630
722,21031630
723,21031630
724,21031630
813,21031738
814,21031738
815,21031738
816,21031738
743,21031762
744,21031762
745,21031762
436,21031827
704,21031827
708,21031827
818,21031827
857,21031827
859,21031827
860,21031827
863,21031827
824,21031908
715,21031967
716,21031967
717,21031967
718,21031967
868,21031967
878,21031967
510,21032050
852,21032076
652,21032084
758,21032084
875,21032084
876,21032084
807,21032238
821,21032327
798,21032424
799,21032424
800,21032424
801,21032424
802,21032424
803,21032424
804,21032424
805,21032424
806,21032424
685,21032483
689,21032483
653,21032521
654,21032521
655,21032521
656,21032521
529,21032769
877,21032785
544,21032793
885,21032793
886,21032793
887,21032793
379,21032912
463,21032963
759,21032963
761,21032963
851,21033013
657,21033056
820,21033080
840,21033080
728,21033242
551,21033250
623,21033250
387,21033269
399,21033269
681,21033269
682,21033269
729,21033269
730,21033269
733,21033269
734,21033269
735,21033269
738,21033269
824,21041547
951,21041555
952,21041555
953,21041555
960,21041555
974,21041555
975,21041555
978,21041555
979,21041555
857,21041601
964,21041610
681,21041652
682,21041652
961,21041652
821,21041679
919,21041717
920,21041717
758,21041733
759,21041733
761,21041733
965,21041733
966,21041733
967,21041733
968,21041733
969,21041733
970,21041733
971,21041733
972,21041733
973,21041733
685,21041768
501,21041806
502,21041806
503,21041806
903,21041806
908,21041806
909,21041806
910,21041806
911,21041806
912,21041806
916,21041806
917,21041806
1087,21041806
1088,21041806
1089,21041806
1090,21041806
1091,21041806
1092,21041806
1093,21041806
1094,21041806
1095,21041806
1097,21041806
1098,21041806
1099,21041806
1100,21041806
1148,21041806
436,21041865
1075,21041865
510,21041873
805,21041873
806,21041873
807,21041873
808,21041873
809,21041873
810,21041873
811,21041873
812,21041873
813,21041873
814,21041873
815,21041873
816,21041873
817,21041873
818,21041873
819,21041873
820,21041873
1132,21041873
1133,21041873
1134,21041873
1135,21041873
1136,21041873
1137,21041873
1138,21041873
1139,21041873
1140,21041873
1141,21041873
1142,21041873
1143,21041873
1144,21041873
1145,21041873
1146,21041873
1147,21041873
623,21041903
927,21041938
928,21041938
930,21041938
931,21041938
932,21041938
933,21041938
935,21041938
944,21041938
1039,21041938
1040,21041938
1041,21041938
1042,21041938
1048,21041938
529,21041970
738,21041970
740,21041970
741,21041970
742,21041970
743,21041970
744,21041970
745,21041970
992,21041970
544,21041989
689,21041997
922,21041997
923,21041997
860,21042020
1077,21042020
644,21042039
801,21042047
802,21042047
803,21042047
804,21042047
652,21042055
653,21042055
654,21042055
655,21042055
656,21042055
657,21042055
658,21042055
659,21042055
660,21042055
715,21042055
716,21042055
717,21042055
718,21042055
719,21042055
721,21042055
723,21042055
724,21042055
1054,21042055
1056,21042055
1063,21042055
851,21042063
875,21042063
876,21042063
572,21042128
885,21042179
886,21042179
839,21042187
840,21042187
1101,21042187
1102,21042187
1103,21042187
1104,21042187
1105,21042187
1106,21042187
1107,21042187
1108,21042187
463,21042195
863,21042195
868,21042195
1109,21042195
1110,21042195
1111,21042195
1112,21042195
1113,21042195
1114,21042195
1115,21042195
669,21042268
670,21042268
599,21042276
600,21042276
601,21042276
1016,21042276
1017,21042276
1018,21042276
1019,21042276
1020,21042276
1022,21042276
1023,21042276
1024,21042276
949,21042284
671,21042292
708,21042292
709,21042292
826,21042306
680,21042322
728,21042322
729,21042322
730,21042322
733,21042322
995,21042322
996,21042322
997,21042322
699,21042330
704,21042330
936,21042330
937,21042330
938,21042330
940,21042330
942,21042330
943,21042330
1116,21042330
1117,21042330
1127,21042330
1128,21042330
1129,21042330
1130,21042330
1131,21042330
3212,21191273
3213,21191273
3214,21191273
3215,21191273
3216,21191273
3217,21191273
3218,21191273
3219,21191273
3220,21191273
3221,21191273
3222,21191273
3840,21191273
3841,21191273
3842,21191273
3843,21191273
3845,21191273
3846,21191273
3848,21191273
3900,21191273
3901,21191273
3643,21191287
3644,21191287
3645,21191287
3646,21191287
3647,21191287
3648,21191287
3649,21191287
4080,21191287
3255,21192580
3256,21192580
3257,21192580
3258,21192580
3259,21192580
3260,21192580
3261,21192580
3262,21192580
3680,21192580
3681,21192580
3682,21192580
3683,21192580
3684,21192580
3685,21192580
3686,21192580
3687,21192580
7851,21195307
7852,21195307
7853,21195307
7854,21195307
7999,21195315
8000,21195315
8001,21195315
8002,21195315
7922,21195366
7923,21195366
7924,21195366
7925,21195366
7926,21195366
8115,21195600
8116,21195600
8117,21195600
8118,21195600
8119,21195600
8120,21195600
8121,21195600
8122,21195600
8123,21195600
8124,21195600
7803,21195617
7804,21195617
7805,21195617
7806,21195617
3547,21195889
3548,21195889
3087,21196516
3088,21196516
3089,21196516
3090,21196516
3091,21196516
3092,21196516
3093,21196516
3094,21196516
3095,21196516
3650,21196974
3651,21196974
3652,21196974
3653,21196974
3654,21196974
3655,21196974
3656,21196974
3657,21196974
3658,21196974
3659,21196974
3660,21196974
3661,21196974
3662,21196974
3663,21196974
3664,21196974
3665,21196974
7927,21197644
7928,21197644
7929,21197644
7930,21197644
7855,21198870
7856,21198870
7857,21198870
7858,21198870
7859,21198896
7860,21198896
7861,21198896
7862,21198896
3433,21202710
3434,21202710
3435,21202710
3436,21202710
3437,21202710
3438,21202710
3439,21202710
3440,21202710
3441,21202710
3442,21202710
3443,21202710
4028,21216037
4680,21216037
4685,21216037
4242,21216355
4243,21216355
4696,21216355
4697,21216355
4698,21216355
5091,21216355
5092,21216355
5096,21216355
5671,21216355
5867,21216355
5868,21216355
6359,21216355
6456,21216355
6460,21216355
8021,21217726
7931,21217793
7932,21217793
7933,21217793
7934,21217793
3263,21223661
3264,21223661
3265,21223661
3223,21223670
3224,21223670
3225,21223670
3226,21223670
3227,21223670
3228,21223670
3229,21223670
3230,21223670
3902,21223670
3903,21223670
3904,21223670
3905,21223670
3906,21223670
3907,21223670
3908,21223670
3909,21223670
3549,21223688
3096,21223700
3097,21223700
3098,21223700
3099,21223700
3100,21223700
3101,21223700
3784,21223700
3787,21223700
3788,21223700
3789,21223700
3790,21223700
3796,21223700
3303,21230145
3304,21230145
3305,21230145
3306,21230145
3307,21230145
3308,21230145
3309,21230145
3310,21230145
3311,21230145
3312,21230145
3313,21230145
3314,21230145
3315,21230145
3894,21230145
3937,21230145
3938,21230145
3939,21230145
3940,21230145
3941,21230145
3965,21230145
4023,21230145
4024,21230145
4025,21230145
4027,21230145
3444,21230188
3445,21230188
3446,21230188
3447,21230188
3448,21230188
3449,21230188
3450,21230188
3451,21230188
3953,21230188
3954,21230188
3955,21230188
3956,21230188
3957,21230188
3958,21230188
3959,21230188
3961,21230188
4069,21230188
7935,21239118
7936,21239118
7937,21239118
7938,21239118
7939,21239118
7940,21239118
7941,21239134
7942,21239134
7943,21239134
7944,21239134
7945,21239134
7946,21239134
7947,21239134
7807,21239150
7808,21239150
7809,21239150
7810,21239150
4773,21239320
4774,21239320
5494,21239320
5496,21239320
6386,21239320
6626,21239320
3882,21246696
3883,21246696
3884,21246696
3885,21246696
4786,21246696
4787,21246696
5002,21246696
5168,21246696
5169,21246696
5196,21246696
5876,21246696
5877,21246696
5878,21246696
7948,21252319
7949,21252319
7950,21252319
7951,21252319
8076,21252343
8077,21252343
8078,21252343
8079,21252343
8372,21252343
8373,21252343
8374,21252343
8375,21252343
8376,21252343
8377,21252343
8847,21252343
8848,21252343
8850,21252343
8851,21252343
8852,21252343
8853,21252343
8854,21252343
8949,21252343
8950,21252343
8951,21252343
8952,21252343
8953,21252343
8954,21252343
7863,21252351
3666,21256900
3667,21256900
4162,21257108
4163,21257108
4891,21257108
4892,21257108
4969,21257108
4986,21257108
4987,21257108
4988,21257108
5549,21257108
5551,21257108
6014,21257108
6016,21257108
3886,21257116
3887,21257116
3888,21257116
3889,21257116
3890,21257116
3891,21257116
4605,21257116
4606,21257116
4607,21257116
4608,21257116
4972,21257116
4981,21257116
4982,21257116
4984,21257116
4985,21257116
5422,21257116
5423,21257116
5428,21257116
5441,21257116
6011,21257116
6012,21257116
6013,21257116
6015,21257116
3803,21258066
3804,21258066
3805,21258066
3806,21258066
3807,21258066
3808,21258066
4932,21258066
4933,21258066
4934,21258066
4935,21258066
5469,21258066
5472,21258066
5473,21258066
5475,21258066
6257,21258066
6258,21258066
6259,21258066
6651,21258066
8125,21260737
8126,21260737
8127,21260737
8288,21260737
8289,21260737
8290,21260737
8291,21260737
7864,21260745
7865,21260745
7866,21260745
7867,21260745
3452,21262810
3453,21262810
3454,21262810
3455,21262810
3456,21262810
3457,21262810
3458,21262810
3459,21262810
3460,21262810
3461,21262810
3462,21262810
3463,21262810
3464,21262810
3465,21262810
3466,21262810
3467,21262810
3468,21262810
3469,21262810
3470,21262810
3471,21262810
3472,21262810
3473,21262810
3474,21262810
3475,21262810
3476,21262810
3477,21262810
3478,21262810
3479,21262810
3480,21262810
3481,21262810
3482,21262810
3483,21262810
3677,21262810
3678,21262810
3695,21262810
3696,21262810
3697,21262810
3698,21262810
3699,21262810
3700,21262810
3701,21262810
3702,21262810
3703,21262810
3704,21262810
3705,21262810
3706,21262810
3707,21262810
3708,21262810
3709,21262810
3710,21262810
3711,21262810
3712,21262810
3713,21262810
3809,21262993
4770,21262993
5001,21262993
5458,21262993
6020,21262993
4029,21263000
4030,21263000
4822,21263000
4824,21263000
4825,21263000
4967,21263000
4989,21263000
4990,21263000
4995,21263000
4996,21263000
5132,21263000
5294,21263000
5557,21263000
5558,21263000
5559,21263000
6279,21263000
6281,21263000
6282,21263000
6283,21263000
6602,21263000
3892,21263035
3893,21263035
4767,21263035
4769,21263035
4950,21263035
6371,21263035
6522,21263035
3810,21263051
3811,21263051
3812,21263051
3813,21263051
3814,21263051
3815,21263051
3816,21263051
3817,21263051
3818,21263051
3819,21263051
3820,21263051
3821,21263051
3822,21263051
3823,21263051
3824,21263051
3825,21263051
3826,21263051
3827,21263051
3828,21263051
3829,21263051
4458,21263051
4459,21263051
4460,21263051
4461,21263051
4462,21263051
4463,21263051
4464,21263051
4465,21263051
4466,21263051
4467,21263051
5141,21263051
5142,21263051
5145,21263051
5146,21263051
5147,21263051
5148,21263051
5149,21263051
5150,21263051
5151,21263051
5152,21263051
5820,21263051
5821,21263051
5822,21263051
5823,21263051
5824,21263051
5893,21263051
5894,21263051
5895,21263051
5896,21263051
5897,21263051
5898,21263051
5899,21263051
5900,21263051
5901,21263051
5959,21263051
6435,21263051
6444,21263051
6449,21263051
6450,21263051
6451,21263051
6452,21263051
379,21265348
387,21265348
680,21265348
681,21265348
682,21265348
685,21265348
8128,21266603
8129,21266603
8130,21266603
8131,21266603
8132,21266603
8133,21266603
8765,21266603
8134,21266611
8135,21266611
8136,21266611
8137,21266611
8138,21266620
8139,21266620
8140,21266620
8141,21266620
8022,21266654
8748,21266654
8749,21266654
8750,21266654
8751,21266654
8752,21266654
8003,21266689
8004,21266689
8378,21266689
8379,21266689
8380,21266689
8517,21266689
8518,21266689
8519,21266689
8520,21266689
8521,21266689
8005,21268010
8006,21268010
8007,21268010
8008,21268010
8257,21268010
8258,21268010
8259,21268010
8260,21268010
8427,21268010
8474,21268010
8475,21268010
4293,21268240
4294,21268240
4295,21268240
4296,21268240
4297,21268240
4298,21268240
4299,21268240
4300,21268240
4301,21268240
4302,21268240
4303,21268240
4304,21268240
4305,21268240
4306,21268240
4307,21268240
4308,21268240
4309,21268240
4310,21268240
4311,21268240
4312,21268240
4313,21268240
4314,21268240
4315,21268240
4316,21268240
4317,21268240
4318,21268240
4319,21268240
4469,21268240
4473,21268240
4475,21268240
4476,21268240
4478,21268240
4479,21268240
4480,21268240
4481,21268240
4482,21268240
4498,21268240
4499,21268240
4501,21268240
4502,21268240
4951,21268240
4953,21268240
4954,21268240
5345,21268240
5347,21268240
5348,21268240
5350,21268240
5351,21268240
5358,21268240
5359,21268240
5361,21268240
5362,21268240
5363,21268240
5364,21268240
5365,21268240
5672,21268240
5673,21268240
5693,21268240
5694,21268240
5695,21268240
5696,21268240
5697,21268240
5698,21268240
5706,21268240
5707,21268240
5708,21268240
5709,21268240
5903,21268240
5904,21268240
5905,21268240
5906,21268240
5907,21268240
5908,21268240
5909,21268240
5910,21268240
5911,21268240
5912,21268240
5913,21268240
5914,21268240
5915,21268240
6591,21268240
6592,21268240
6593,21268240
6594,21268240
6595,21268240
6596,21268240
6597,21268240
6598,21268240
6599,21268240
6616,21268240
6617,21268240
6618,21268240
6619,21268240
6620,21268240
6621,21268240
6622,21268240
6623,21268240
6624,21268240
8009,21271003
8010,21271003
8011,21271003
8012,21271003
3408,21273227
3409,21273227
3410,21273227
3411,21273227
3412,21273227
3791,21273227
3792,21273227
3793,21273227
3794,21273227
3795,21273227
3894,21273677
3895,21273677
3896,21273677
3897,21273677
3898,21273677
3899,21273677
3900,21273677
3901,21273677
3902,21273677
3903,21273677
4539,21273677
4879,21273677
4880,21273677
4881,21273677
4882,21273677
5018,21273677
5019,21273677
5020,21273677
5063,21273677
5064,21273677
5065,21273677
5233,21273677
5597,21273677
5598,21273677
5599,21273677
5600,21273677
5968,21273677
5969,21273677
5970,21273677
5971,21273677
6461,21273677
6462,21273677
6463,21273677
6464,21273677
4443,21273685
4771,21273685
4772,21273685
5459,21273685
5460,21273685
6370,21273685
6601,21273685
4320,21273693
4321,21273693
4322,21273693
4323,21273693
4324,21273693
4325,21273693
4326,21273693
4327,21273693
4328,21273693
4329,21273693
4602,21273693
4723,21273693
4724,21273693
4725,21273693
4727,21273693
4729,21273693
4731,21273693
4959,21273693
4974,21273693
4975,21273693
4976,21273693
5187,21273693
5188,21273693
5189,21273693
5190,21273693
5192,21273693
5400,21273693
5638,21273693
5640,21273693
5641,21273693
5663,21273693
5665,21273693
5681,21273693
6202,21273693
6205,21273693
6214,21273693
6227,21273693
6228,21273693
6229,21273693
6571,21273693
6577,21273693
6579,21273693
6580,21273693
3550,21274509
3551,21274509
3552,21274509
3553,21274509
3554,21274509
3555,21274509
3556,21274509
3557,21274509
3558,21274509
3559,21274509
3560,21274509
3561,21274509
3562,21274509
3563,21274509
3564,21274509
3565,21274509
3566,21274509
3567,21274509
3674,21274509
3722,21274509
3723,21274509
3724,21274509
3725,21274509
3726,21274509
3727,21274509
3728,21274509
3729,21274509
3730,21274509
3731,21274509
3732,21274509
3733,21274509
3734,21274509
3735,21274509
3736,21274509
3737,21274509
3738,21274509
3753,21274509
3754,21274509
3755,21274509
3102,21275327
3103,21275327
3104,21275327
3105,21275327
3106,21275327
3107,21275327
3108,21275327
3109,21275327
3110,21275327
3111,21275327
3112,21275327
3113,21275327
3114,21275327
3115,21275327
3116,21275327
3117,21275327
3118,21275327
3119,21275327
826,21275998
8142,21276838
8143,21276838
8144,21276838
8145,21276838
8146,21276838
8147,21276838
8148,21276838
8149,21276838
3830,21277630
3831,21277630
3832,21277630
3833,21277630
3834,21277630
3835,21277630
3836,21277630
3837,21277630
6662,21277630
6663,21277630
6664,21277630
6665,21277630
3484,21279250
4031,21279799
4032,21279799
4686,21279799
5528,21279799
6394,21279799
7886,21279853
7887,21279853
7888,21279853
7889,21279853
7890,21279853
7891,21279853
7892,21279853
7893,21279853
7894,21279853
7895,21279853
8381,21279853
8383,21279853
8948,21279853
7811,21281700
7812,21281700
7813,21281700
7814,21281700
3120,21282412
3121,21282412
3122,21282412
3123,21282412
3124,21282412
3125,21282412
3126,21282412
3127,21282412
3128,21282412
3129,21282412
3130,21282412
3131,21282412
3132,21282412
3133,21282412
3134,21282412
3135,21282412
3136,21282412
3137,21282412
3138,21282412
3139,21282412
3140,21282412
3141,21282412
3142,21282412
3143,21282412
3144,21282412
3913,21282412
3914,21282412
3915,21282412
3916,21282412
3917,21282412
3918,21282412
3919,21282412
3920,21282412
3922,21282412
3923,21282412
3924,21282412
3925,21282412
3926,21282412
3927,21282412
3928,21282412
3929,21282412
3930,21282412
3931,21282412
3932,21282412
3933,21282412
3934,21282412
3936,21282412
3485,21282439
3486,21282439
8023,21283524
8024,21283524
8025,21283524
8026,21283524
8027,21283524
8028,21283524
8456,21283524
8457,21283524
8458,21283524
8459,21283524
8460,21283524
3231,21284563
3232,21284563
3233,21284563
3234,21284563
3235,21284563
3236,21285349
3237,21285349
3238,21285349
3239,21285349
4000,21285349
3487,21289867
3145,21289948
3146,21289948
3147,21289948
3488,21289956
3489,21289956
3490,21289956
3491,21289956
3492,21289956
3493,21289956
3494,21289956
3495,21289956
3496,21289956
3497,21289956
717,21290415
718,21290415
719,21290415
820,21290415
821,21290415
824,21290415
7815,21318425
7816,21318425
7817,21318425
7818,21318425
3904,21320004
5016,21320004
5465,21320004
6428,21320004
4164,21320012
4775,21320012
5383,21320012
6323,21320012
4165,21320217
4166,21320217
4167,21320217
4941,21320217
4944,21320217
4945,21320217
4947,21320217
5481,21320217
5482,21320217
5483,21320217
6261,21320217
6262,21320217
6263,21320217
4330,21320608
4331,21320608
4332,21320608
4333,21320608
4334,21320608
4335,21320608
4336,21320608
4638,21320608
4639,21320608
4640,21320608
4641,21320608
4642,21320608
4643,21320608
4644,21320608
4980,21320608
5401,21320608
5416,21320608
5417,21320608
5418,21320608
5419,21320608
5421,21320608
5447,21320608
5918,21320608
5919,21320608
5928,21320608
5929,21320608
5930,21320608
5931,21320608
5939,21320608
3668,21329800
3669,21329800
3670,21329800
3963,21329800
3966,21329800
3967,21329800
4062,21329800
4064,21329800
4066,21329800
501,21331650
502,21331650
503,21331650
671,21331650
4244,21492212
4245,21492212
4246,21492212
4247,21492212
4248,21492212
4249,21492212
4250,21492212
4251,21492212
4252,21492212
4253,21492212
4254,21492212
4255,21492212
4256,21492212
4257,21492212
4258,21492212
4259,21492212
4260,21492212
4261,21492212
4262,21492212
4263,21492212
4264,21492212
4265,21492212
4266,21492212
4267,21492212
4268,21492212
4269,21492212
4852,21492212
4853,21492212
4854,21492212
4855,21492212
4856,21492212
4857,21492212
4858,21492212
4859,21492212
4860,21492212
4861,21492212
4862,21492212
4863,21492212
5232,21492212
5462,21492212
5516,21492212
5517,21492212
5533,21492212
5560,21492212
5561,21492212
5562,21492212
5563,21492212
5564,21492212
5565,21492212
5566,21492212
5704,21492212
5705,21492212
5710,21492212
5711,21492212
5713,21492212
5715,21492212
5719,21492212
5720,21492212
5730,21492212
5732,21492212
5741,21492212
6247,21492212
6248,21492212
6249,21492212
6329,21492212
6333,21492212
6334,21492212
6335,21492212
6336,21492212
6337,21492212
6338,21492212
6339,21492212
6340,21492212
6504,21492212
6505,21492212
6506,21492212
6507,21492212
6508,21492212
6509,21492212
6510,21492212
6512,21492212
6513,21492212
6514,21492212
6515,21492212
6516,21492212
3905,21492220
3906,21492220
3907,21492220
3908,21492220
3909,21492220
3910,21492220
3911,21492220
3912,21492220
3913,21492220
3914,21492220
3915,21492220
3916,21492220
3917,21492220
3918,21492220
3919,21492220
3920,21492220
3921,21492220
3922,21492220
3923,21492220
3924,21492220
3925,21492220
3926,21492220
3927,21492220
3928,21492220
4516,21492220
4517,21492220
4518,21492220
4519,21492220
4520,21492220
4522,21492220
4523,21492220
4524,21492220
4534,21492220
4536,21492220
5289,21492220
5296,21492220
5297,21492220
5298,21492220
5299,21492220
5300,21492220
5301,21492220
5302,21492220
5343,21492220
5541,21492220
5712,21492220
5714,21492220
5916,21492220
5917,21492220
5922,21492220
5923,21492220
5924,21492220
5925,21492220
5926,21492220
5927,21492220
6057,21492220
6058,21492220
6610,21492220
6612,21492220
6613,21492220
6614,21492220
6615,21492220
6629,21492220
6630,21492220
6631,21492220
6632,21492220
6633,21492220
4091,21492239
4092,21492239
4093,21492239
4094,21492239
4095,21492239
4096,21492239
4097,21492239
4098,21492239
4572,21492239
4573,21492239
4574,21492239
4575,21492239
4576,21492239
4578,21492239
4579,21492239
4580,21492239
5382,21492239
5411,21492239
5424,21492239
5425,21492239
5435,21492239
5439,21492239
5440,21492239
5546,21492239
5934,21492239
5935,21492239
5943,21492239
5944,21492239
5945,21492239
5946,21492239
6023,21492239
6024,21492239
6388,21492239
4168,21492247
4169,21492247
4170,21492247
4171,21492247
4172,21492247
4173,21492247
4174,21492247
4175,21492247
4176,21492247
4177,21492247
4178,21492247
4179,21492247
4180,21492247
4181,21492247
4182,21492247
4183,21492247
4184,21492247
4185,21492247
4186,21492247
4187,21492247
4188,21492247
4189,21492247
4190,21492247
4191,21492247
4192,21492247
4193,21492247
4194,21492247
4195,21492247
4196,21492247
4197,21492247
4198,21492247
4199,21492247
4200,21492247
4740,21492247
4741,21492247
4742,21492247
4743,21492247
4744,21492247
4745,21492247
4746,21492247
4748,21492247
4749,21492247
4750,21492247
4751,21492247
4752,21492247
5030,21492247
5033,21492247
5034,21492247
5035,21492247
5036,21492247
5037,21492247
5038,21492247
5039,21492247
5041,21492247
5042,21492247
5139,21492247
5235,21492247
5733,21492247
5748,21492247
5749,21492247
5750,21492247
5782,21492247
5783,21492247
5784,21492247
5785,21492247
5786,21492247
5787,21492247
5788,21492247
5789,21492247
5810,21492247
5811,21492247
5812,21492247
5813,21492247
5814,21492247
5815,21492247
5816,21492247
5817,21492247
5818,21492247
5819,21492247
5947,21492247
6541,21492247
6542,21492247
6544,21492247
6546,21492247
6547,21492247
6549,21492247
6550,21492247
6554,21492247
6565,21492247
6566,21492247
551,21497672
734,21497672
735,21497672
736,21497672
737,21497672
945,21497672
1009,21497672
8029,21520666
8030,21520666
7896,21522707
7897,21522707
7898,21522707
7899,21522707
7819,21522715
7820,21522715
7821,21522715
7822,21522715
4270,21586675
4271,21586675
4272,21586675
4273,21586675
4274,21586675
4275,21586675
4276,21586675
4277,21586675
4278,21586675
4717,21586675
4718,21586675
4719,21586675
4720,21586675
5276,21586675
5277,21586675
5278,21586675
5279,21586675
5964,21586675
5965,21586675
5966,21586675
5967,21586675
303,24010111
379,24010146
297,24010200
1112,24025976
1113,24025976
1114,24025976
1115,24025976
1140,24025976
1141,24025976
1142,24025976
1143,24025976
1200,24025976
1201,24025976
1202,24025976
1203,24025976
1209,24025976
1210,24025976
1212,24025976
1110,24026042
1111,24026042
1146,24026042
1162,24026042
1198,24026042
1108,24026050
1109,24026050
1165,24026050
1166,24026050
1196,24026050
1197,24026050
1089,24026069
1144,24026069
1152,24026069
1153,24026069
1154,24026069
1155,24026069
1156,24026069
1157,24026069
1158,24026069
1159,24026069
1161,24026069
1163,24026069
1164,24026069
1185,24026069
1186,24026069
1187,24026069
1188,24026069
1189,24026069
1190,24026069
1191,24026069
1193,24026069
1194,24026069
1195,24026069
1096,24026077
1097,24026077
1098,24026077
1099,24026077
1100,24026077
1101,24026077
1102,24026077
1103,24026077
1104,24026077
1105,24026077
1106,24026077
1107,24026077
1125,24026077
1126,24026077
1128,24026077
1131,24026077
1132,24026077
1133,24026077
1135,24026077
1136,24026077
1137,24026077
1138,24026077
1139,24026077
1145,24026077
1167,24026077
1168,24026077
1169,24026077
1170,24026077
1171,24026077
1172,24026077
1173,24026077
1174,24026077
1176,24026077
1177,24026077
1077,24070866
1119,24070866
1120,24070866
1121,24070866
1124,24070866
1204,24070866
1205,24070866
1206,24070866
1207,24070866
1211,24070866
1091,24072257
1092,24072257
1093,24072257
1094,24072257
1095,24072257
1148,24072257
1150,24072257
1151,24072257
1160,24072257
1181,24072257
1182,24072257
1183,24072257
1184,24072257
399,24074160
1075,24085219
1116,24085219
1117,24085219
1147,24085219
1178,24085219
1179,24085219
1180,24085219
387,24088854
1362,25012878
1363,25012878
1364,25012878
1365,25012878
1366,25012878
1367,25012878
1368,25012878
1369,25012878
1370,25012878
1457,25012878
1458,25012878
1479,25012878
1481,25012878
1482,25012878
1483,25012878
1484,25012878
1485,25012878
1532,25012878
1326,25013190
1327,25013190
1328,25013190
1329,25013190
1330,25013190
1331,25013190
1495,25013190
1496,25013190
1497,25013190
1498,25013190
1509,25013190
1510,25013190
463,25013238
297,25013262
299,25013262
1332,25013297
1333,25013297
1334,25013297
1335,25013297
1336,25013297
1337,25013297
1338,25013297
1339,25013297
1340,25013297
1341,25013297
1342,25013297
1343,25013297
1344,25013297
1345,25013297
1346,25013297
1347,25013297
1348,25013297
1349,25013297
1350,25013297
1351,25013297
1352,25013297
1353,25013297
1354,25013297
1355,25013297
1356,25013297
1357,25013297
1358,25013297
1359,25013297
1360,25013297
1361,25013297
1429,25013297
1430,25013297
1431,25013297
1433,25013297
1459,25013297
1460,25013297
1461,25013297
1462,25013297
1463,25013297
1464,25013297
1465,25013297
1466,25013297
1488,25013297
1489,25013297
1499,25013297
1500,25013297
1501,25013297
1506,25013297
1507,25013297
1524,25013297
1530,25013297
1531,25013297
1533,25013297
1556,25013297
1375,25013335
1376,25013335
1377,25013335
1490,25013335
1491,25013335
1493,25013335
1494,25013335
1310,25013360
1311,25013360
1312,25013360
1313,25013360
1314,25013360
1315,25013360
1316,25013360
1317,25013360
1318,25013360
1319,25013360
1320,25013360
1321,25013360
1322,25013360
1508,25013360
1512,25013360
1513,25013360
1514,25013360
1515,25013360
1516,25013360
1517,25013360
1519,25013360
1523,25013360
1540,25013360
1541,25013360
1551,25013360
1323,25013386
1534,25013386
1536,25013386
1553,25013386
1554,25013386
1558,25013386
1559,25013386
1378,25013491
1379,25013491
1380,25013491
1381,25013491
1382,25013491
1467,25013491
1468,25013491
1469,25013491
1526,25013491
1527,25013491
1383,25013530
1384,25013530
1440,25013530
1441,25013530
1502,25013530
1542,25013530
1544,25013530
399,25013548
529,25013548
551,25013548
436,25013572
303,25013580
501,25013580
1385,25013645
1386,25013645
1387,25013645
1388,25013645
1389,25013645
1390,25013645
1391,25013645
1392,25013645
1393,25013645
1394,25013645
1395,25013645
1396,25013645
1397,25013645
1398,25013645
1399,25013645
1400,25013645
1401,25013645
1402,25013645
1403,25013645
1404,25013645
1405,25013645
1406,25013645
1407,25013645
1408,25013645
1409,25013645
1410,25013645
1411,25013645
1412,25013645
1413,25013645
1414,25013645
1415,25013645
1416,25013645
1417,25013645
1419,25013645
1420,25013645
1421,25013645
1422,25013645
1423,25013645
1424,25013645
1434,25013645
1435,25013645
1436,25013645
1437,25013645
1438,25013645
1442,25013645
1443,25013645
1444,25013645
1445,25013645
1446,25013645
1447,25013645
1448,25013645
1449,25013645
1450,25013645
1451,25013645
1452,25013645
1453,25013645
1454,25013645
1455,25013645
1476,25013645
1486,25013645
1487,25013645
1503,25013645
1504,25013645
1537,25013645
1539,25013645
1545,25013645
1547,25013645
1548,25013645
1549,25013645
1550,25013645
1557,25013645
1324,25013742
1473,25013742
1474,25013742
1475,25013742
1552,25013742
1325,25013777
1528,25013777
1529,25013777
379,25039113
387,25039113
343,25039261
297,25039288
303,25039288
397,25039288
398,25039288
399,25039288
400,25039288
379,25111191
387,25123220
544,25123220
1371,25133365
1372,25133365
1373,25133365
1374,25133365
1432,25133365
1470,25133365
1471,25133365
1472,25133365
1478,25133365
314,25134507
315,25134507
316,25134507
317,25134507
396,25134507
175,28000390
184,28000390
5024,28000986
5025,28000986
5026,28000986
5027,28000986
5109,28000986
5110,28000986
5111,28000986
5112,28000986
5137,28000986
5138,28000986
5157,28000986
5158,28000986
5159,28000986
5160,28000986
5161,28000986
5162,28000986
5266,28000986
5267,28000986
5268,28000986
5269,28000986
5270,28000986
5271,28000986
5007,28000994
5008,28000994
5009,28000994
5010,28000994
5011,28000994
5012,28000994
5085,28000994
5113,28000994
5114,28000994
5115,28000994
5135,28000994
5136,28000994
5151,28000994
5152,28000994
5153,28000994
5154,28000994
5155,28000994
5156,28000994
5234,28000994
5235,28000994
5236,28000994
5237,28000994
5238,28000994
5239,28000994
5013,28001010
5014,28001010
5076,28001010
5077,28001010
5079,28001010
5149,28001010
5150,28001010
5193,28001010
5195,28001010
5196,28001010
5197,28001010
5231,28001010
5301,28001010
5302,28001010
5303,28001010
5304,28001010
5305,28001010
5313,28001010
5015,28001044
5016,28001044
5105,28001044
5106,28001044
5107,28001044
5108,28001044
5139,28001044
5140,28001044
5163,28001044
5164,28001044
5165,28001044
5166,28001044
5167,28001044
5168,28001044
5272,28001044
5273,28001044
5274,28001044
5275,28001044
5276,28001044
5277,28001044
5017,28001052
5018,28001052
5019,28001052
5072,28001052
5096,28001052
5097,28001052
5103,28001052
5104,28001052
5141,28001052
5142,28001052
5226,28001052
5227,28001052
5228,28001052
5230,28001052
5278,28001052
5279,28001052
5280,28001052
5281,28001052
5282,28001052
5020,28001060
5021,28001060
5022,28001060
5023,28001060
5098,28001060
5099,28001060
5101,28001060
5102,28001060
5145,28001060
5146,28001060
5175,28001060
5176,28001060
5177,28001060
5178,28001060
5179,28001060
5180,28001060
5289,28001060
5290,28001060
5291,28001060
5292,28001060
5293,28001060
5294,28001060
5319,28001060
5039,28001087
5040,28001087
5080,28001087
5081,28001087
5086,28001087
5087,28001087
5143,28001087
5144,28001087
5169,28001087
5170,28001087
5171,28001087
5172,28001087
5173,28001087
5174,28001087
5283,28001087
5284,28001087
5285,28001087
5286,28001087
5287,28001087
5288,28001087
5314,28001109
5315,28001109
5316,28001109
5318,28001109
5325,28001109
5028,28001117
5029,28001117
5320,28001117
5321,28001117
5322,28001117
5323,28001117
5324,28001117
5041,28001125
5042,28001125
5043,28001125
5044,28001125
5045,28001125
5046,28001125
5047,28001125
5048,28001125
5049,28001125
5050,28001125
5051,28001125
5052,28001125
5053,28001125
5054,28001125
5055,28001125
5056,28001125
5057,28001125
5058,28001125
5059,28001125
5060,28001125
5061,28001125
5062,28001125
5063,28001125
5064,28001125
5065,28001125
5066,28001125
5067,28001125
5068,28001125
5069,28001125
5070,28001125
5116,28001125
5117,28001125
5118,28001125
5119,28001125
5120,28001125
5121,28001125
5122,28001125
5123,28001125
5124,28001125
5125,28001125
5126,28001125
5127,28001125
5128,28001125
5129,28001125
5130,28001125
5131,28001125
5132,28001125
5133,28001125
5134,28001125
5205,28001125
5207,28001125
5209,28001125
5210,28001125
5211,28001125
5212,28001125
5213,28001125
5214,28001125
5215,28001125
5216,28001125
5218,28001125
5219,28001125
5220,28001125
5221,28001125
5222,28001125
5223,28001125
5224,28001125
5225,28001125
5241,28001125
5242,28001125
5243,28001125
5244,28001125
5245,28001125
5246,28001125
5247,28001125
5248,28001125
5249,28001125
5250,28001125
5251,28001125
5252,28001125
5253,28001125
5254,28001125
5255,28001125
5256,28001125
5257,28001125
5258,28001125
5259,28001125
5033,28001133
5034,28001133
5035,28001133
5036,28001133
5037,28001133
5038,28001133
5089,28001133
5090,28001133
5091,28001133
5092,28001133
5093,28001133
5094,28001133
5095,28001133
5198,28001133
5200,28001133
5201,28001133
5202,28001133
5203,28001133
5232,28001133
5233,28001133
5306,28001133
5307,28001133
5308,28001133
5309,28001133
5310,28001133
5311,28001133
5312,28001133
271,28001672
272,28001672
273,28001672
274,28001672
275,28001672
276,28001672
277,28001672
278,28001672
462,28001672
464,28001672
465,28001672
466,28001672
467,28001672
468,28001672
469,28001672
470,28001672
672,28001672
673,28001672
674,28001672
675,28001672
676,28001672
677,28001672
678,28001672
679,28001672
1361,28001672
1362,28001672
1363,28001672
1364,28001672
1365,28001672
1366,28001672
1367,28001672
1368,28001672
1457,28001672
1466,28001672
76,28001702
77,28001702
78,28001702
79,28001702
80,28001702
81,28001702
82,28001702
83,28001702
84,28001702
85,28001702
86,28001702
87,28001702
88,28001702
89,28001702
90,28001702
91,28001702
92,28001702
93,28001702
94,28001702
95,28001702
96,28001702
97,28001702
98,28001702
99,28001702
100,28001702
101,28001702
102,28001702
103,28001702
104,28001702
105,28001702
106,28001702
107,28001702
108,28001702
504,28001702
505,28001702
506,28001702
507,28001702
508,28001702
509,28001702
511,28001702
512,28001702
513,28001702
514,28001702
515,28001702
516,28001702
517,28001702
518,28001702
519,28001702
520,28001702
521,28001702
522,28001702
523,28001702
524,28001702
525,28001702
526,28001702
527,28001702
528,28001702
530,28001702
531,28001702
532,28001702
533,28001702
534,28001702
564,28001702
565,28001702
566,28001702
567,28001702
568,28001702
569,28001702
570,28001702
571,28001702
573,28001702
574,28001702
575,28001702
576,28001702
577,28001702
578,28001702
579,28001702
581,28001702
582,28001702
583,28001702
584,28001702
585,28001702
587,28001702
588,28001702
589,28001702
686,28001702
687,28001702
688,28001702
689,28001702
690,28001702
691,28001702
692,28001702
693,28001702
694,28001702
695,28001702
696,28001702
697,28001702
698,28001702
699,28001702
700,28001702
701,28001702
702,28001702
703,28001702
704,28001702
705,28001702
706,28001702
707,28001702
708,28001702
709,28001702
710,28001702
711,28001702
712,28001702
713,28001702
962,28001702
963,28001702
971,28001702
972,28001702
973,28001702
974,28001702
975,28001702
976,28001702
977,28001702
978,28001702
979,28001702
980,28001702
981,28001702
982,28001702
983,28001702
984,28001702
985,28001702
986,28001702
987,28001702
988,28001702
989,28001702
990,28001702
991,28001702
992,28001702
1191,28001702
1192,28001702
1193,28001702
1194,28001702
1195,28001702
1196,28001702
1197,28001702
1198,28001702
1199,28001702
1200,28001702
1201,28001702
1202,28001702
1204,28001702
1205,28001702
1206,28001702
1207,28001702
1208,28001702
1209,28001702
1210,28001702
1211,28001702
1212,28001702
1213,28001702
1214,28001702
1215,28001702
1216,28001702
1217,28001702
1218,28001702
1219,28001702
1220,28001702
1221,28001702
1546,28001702
1547,28001702
1548,28001702
1549,28001702
1550,28001702
1551,28001702
1552,28001702
1553,28001702
1554,28001702
1555,28001702
1556,28001702
1557,28001702
1558,28001702
1559,28001702
1560,28001702
1561,28001702
1562,28001702
1563,28001702
1564,28001702
1565,28001702
1566,28001702
1567,28001702
1625,28001702
1626,28001702
138,28001737
139,28001737
140,28001737
141,28001737
142,28001737
143,28001737
144,28001737
145,28001737
146,28001737
147,28001737
148,28001737
149,28001737
150,28001737
151,28001737
326,28001737
327,28001737
328,28001737
329,28001737
330,28001737
331,28001737
332,28001737
333,28001737
334,28001737
335,28001737
336,28001737
337,28001737
824,28001737
825,28001737
826,28001737
827,28001737
828,28001737
829,28001737
830,28001737
831,28001737
832,28001737
833,28001737
834,28001737
835,28001737
1377,28001737
1378,28001737
1379,28001737
1380,28001737
1381,28001737
1382,28001737
1383,28001737
1384,28001737
1385,28001737
1386,28001737
1387,28001737
1388,28001737
1472,28001737
1,28001761
2,28001761
3,28001761
4,28001761
5,28001761
6,28001761
7,28001761
8,28001761
9,28001761
10,28001761
11,28001761
12,28001761
13,28001761
14,28001761
15,28001761
16,28001761
17,28001761
18,28001761
19,28001761
20,28001761
21,28001761
22,28001761
23,28001761
24,28001761
25,28001761
26,28001761
27,28001761
28,28001761
29,28001761
30,28001761
31,28001761
32,28001761
33,28001761
34,28001761
35,28001761
325,28001761
339,28001761
340,28001761
341,28001761
342,28001761
343,28001761
344,28001761
345,28001761
346,28001761
347,28001761
348,28001761
349,28001761
351,28001761
353,28001761
356,28001761
358,28001761
367,28001761
369,28001761
370,28001761
371,28001761
372,28001761
471,28001761
472,28001761
539,28001761
541,28001761
542,28001761
543,28001761
545,28001761
546,28001761
547,28001761
548,28001761
549,28001761
550,28001761
552,28001761
553,28001761
554,28001761
555,28001761
556,28001761
557,28001761
558,28001761
559,28001761
560,28001761
561,28001761
651,28001761
856,28001761
857,28001761
858,28001761
859,28001761
860,28001761
861,28001761
862,28001761
863,28001761
864,28001761
865,28001761
866,28001761
867,28001761
869,28001761
870,28001761
871,28001761
872,28001761
873,28001761
874,28001761
896,28001761
897,28001761
898,28001761
899,28001761
900,28001761
965,28001761
966,28001761
968,28001761
969,28001761
1017,28001761
1018,28001761
1019,28001761
1020,28001761
1021,28001761
1022,28001761
1023,28001761
1024,28001761
1025,28001761
1026,28001761
1027,28001761
1028,28001761
1029,28001761
1030,28001761
1031,28001761
1032,28001761
1033,28001761
1034,28001761
1035,28001761
1036,28001761
1037,28001761
1111,28001761
1112,28001761
1123,28001761
1124,28001761
1128,28001761
1129,28001761
1130,28001761
1131,28001761
1132,28001761
1133,28001761
1134,28001761
1135,28001761
1136,28001761
1137,28001761
1138,28001761
1139,28001761
1140,28001761
1141,28001761
1142,28001761
1143,28001761
1144,28001761
1145,28001761
1146,28001761
1147,28001761
1148,28001761
1151,28001761
1152,28001761
1153,28001761
1154,28001761
1155,28001761
1156,28001761
1157,28001761
1158,28001761
1474,28001761
1475,28001761
1476,28001761
1477,28001761
1478,28001761
1479,28001761
1480,28001761
1481,28001761
1482,28001761
1483,28001761
1484,28001761
1536,28001761
1537,28001761
1538,28001761
1539,28001761
1540,28001761
1541,28001761
1542,28001761
1543,28001761
1544,28001761
1545,28001761
1595,28001761
1596,28001761
1624,28001761
1627,28001761
1634,28001761
1635,28001761
1636,28001761
36,28001826
37,28001826
38,28001826
39,28001826
40,28001826
41,28001826
42,28001826
43,28001826
44,28001826
45,28001826
46,28001826
47,28001826
48,28001826
49,28001826
50,28001826
51,28001826
52,28001826
53,28001826
54,28001826
55,28001826
56,28001826
57,28001826
58,28001826
59,28001826
60,28001826
61,28001826
62,28001826
63,28001826
64,28001826
65,28001826
66,28001826
67,28001826
68,28001826
69,28001826
421,28001826
422,28001826
423,28001826
424,28001826
425,28001826
426,28001826
427,28001826
428,28001826
429,28001826
430,28001826
431,28001826
432,28001826
435,28001826
438,28001826
439,28001826
440,28001826
441,28001826
442,28001826
443,28001826
444,28001826
445,28001826
446,28001826
447,28001826
448,28001826
449,28001826
450,28001826
475,28001826
490,28001826
491,28001826
492,28001826
495,28001826
496,28001826
497,28001826
498,28001826
499,28001826
500,28001826
616,28001826
617,28001826
618,28001826
620,28001826
621,28001826
622,28001826
624,28001826
625,28001826
626,28001826
627,28001826
628,28001826
629,28001826
630,28001826
631,28001826
633,28001826
634,28001826
635,28001826
636,28001826
637,28001826
638,28001826
639,28001826
640,28001826
641,28001826
642,28001826
661,28001826
662,28001826
663,28001826
664,28001826
665,28001826
666,28001826
667,28001826
668,28001826
716,28001826
717,28001826
718,28001826
719,28001826
720,28001826
721,28001826
722,28001826
723,28001826
724,28001826
725,28001826
726,28001826
727,28001826
728,28001826
729,28001826
730,28001826
731,28001826
732,28001826
733,28001826
734,28001826
735,28001826
736,28001826
737,28001826
738,28001826
739,28001826
740,28001826
741,28001826
742,28001826
743,28001826
744,28001826
745,28001826
929,28001826
930,28001826
940,28001826
945,28001826
993,28001826
994,28001826
995,28001826
996,28001826
997,28001826
998,28001826
999,28001826
1000,28001826
1001,28001826
1002,28001826
1003,28001826
1004,28001826
1005,28001826
1006,28001826
1007,28001826
1008,28001826
1009,28001826
1010,28001826
1011,28001826
1012,28001826
1013,28001826
1014,28001826
1015,28001826
1016,28001826
1102,28001826
1103,28001826
1104,28001826
1105,28001826
1106,28001826
1107,28001826
1108,28001826
1120,28001826
1228,28001826
1229,28001826
1230,28001826
1231,28001826
1232,28001826
1233,28001826
1234,28001826
1235,28001826
1236,28001826
1237,28001826
1238,28001826
1239,28001826
1240,28001826
1241,28001826
1242,28001826
1243,28001826
1244,28001826
1245,28001826
1246,28001826
1247,28001826
1248,28001826
1249,28001826
1250,28001826
1251,28001826
1253,28001826
1254,28001826
1255,28001826
1256,28001826
1257,28001826
1258,28001826
1259,28001826
1462,28001826
1473,28001826
1490,28001826
1491,28001826
1492,28001826
1493,28001826
1494,28001826
1495,28001826
1496,28001826
1497,28001826
1498,28001826
1499,28001826
1500,28001826
1501,28001826
1502,28001826
1503,28001826
1504,28001826
1505,28001826
1506,28001826
1507,28001826
1508,28001826
1509,28001826
1510,28001826
1511,28001826
1512,28001826
1513,28001826
1628,28001826
1629,28001826
1630,28001826
1631,28001826
1632,28001826
1633,28001826
1638,28001826
109,28001842
110,28001842
111,28001842
112,28001842
113,28001842
114,28001842
115,28001842
116,28001842
117,28001842
118,28001842
119,28001842
120,28001842
121,28001842
122,28001842
123,28001842
124,28001842
125,28001842
407,28001842
408,28001842
409,28001842
410,28001842
411,28001842
412,28001842
413,28001842
414,28001842
415,28001842
416,28001842
417,28001842
418,28001842
419,28001842
420,28001842
903,28001842
904,28001842
905,28001842
906,28001842
907,28001842
908,28001842
909,28001842
910,28001842
911,28001842
912,28001842
913,28001842
914,28001842
915,28001842
1088,28001842
1090,28001842
1398,28001842
1399,28001842
1400,28001842
1402,28001842
1403,28001842
1404,28001842
1405,28001842
1406,28001842
1407,28001842
1408,28001842
1409,28001842
1410,28001842
1470,28001842
261,28001982
262,28001982
263,28001982
264,28001982
265,28001982
266,28001982
267,28001982
268,28001982
269,28001982
270,28001982
433,28001982
434,28001982
436,28001982
437,28001982
451,28001982
452,28001982
453,28001982
454,28001982
888,28001982
889,28001982
890,28001982
891,28001982
892,28001982
893,28001982
894,28001982
895,28001982
967,28001982
970,28001982
1042,28001982
1043,28001982
1044,28001982
1045,28001982
1046,28001982
1109,28001982
1110,28001982
1369,28001982
1370,28001982
1371,28001982
1372,28001982
1373,28001982
1374,28001982
1375,28001982
1376,28001982
1396,28001982
1397,28001982
1485,28001982
1486,28001982
1487,28001982
1488,28001982
1489,28001982
1640,28001982
200,28002024
201,28002024
202,28002024
203,28002024
204,28002024
205,28002024
206,28002024
207,28002024
208,28002024
209,28002024
210,28002024
211,28002024
212,28002024
213,28002024
214,28002024
215,28002024
216,28002024
217,28002024
380,28002024
381,28002024
382,28002024
383,28002024
384,28002024
385,28002024
386,28002024
388,28002024
389,28002024
390,28002024
391,28002024
392,28002024
393,28002024
394,28002024
395,28002024
715,28002024
850,28002024
851,28002024
886,28002024
887,28002024
901,28002024
902,28002024
916,28002024
917,28002024
918,28002024
919,28002024
920,28002024
921,28002024
931,28002024
932,28002024
1346,28002024
1349,28002024
1351,28002024
1353,28002024
1354,28002024
1356,28002024
1358,28002024
1360,28002024
1389,28002024
1390,28002024
1391,28002024
1392,28002024
1393,28002024
1394,28002024
1395,28002024
218,28002156
219,28002156
220,28002156
221,28002156
222,28002156
223,28002156
224,28002156
225,28002156
226,28002156
227,28002156
228,28002156
229,28002156
230,28002156
231,28002156
232,28002156
233,28002156
234,28002156
235,28002156
236,28002156
237,28002156
238,28002156
239,28002156
240,28002156
241,28002156
242,28002156
243,28002156
244,28002156
245,28002156
246,28002156
247,28002156
248,28002156
249,28002156
250,28002156
251,28002156
252,28002156
253,28002156
254,28002156
255,28002156
256,28002156
257,28002156
302,28002156
304,28002156
305,28002156
306,28002156
307,28002156
308,28002156
309,28002156
310,28002156
311,28002156
312,28002156
313,28002156
314,28002156
315,28002156
316,28002156
317,28002156
318,28002156
319,28002156
320,28002156
321,28002156
322,28002156
323,28002156
324,28002156
535,28002156
536,28002156
537,28002156
538,28002156
540,28002156
562,28002156
563,28002156
580,28002156
586,28002156
590,28002156
591,28002156
592,28002156
593,28002156
594,28002156
595,28002156
596,28002156
597,28002156
598,28002156
602,28002156
603,28002156
604,28002156
615,28002156
619,28002156
632,28002156
779,28002156
780,28002156
781,28002156
782,28002156
783,28002156
784,28002156
785,28002156
786,28002156
787,28002156
788,28002156
789,28002156
790,28002156
791,28002156
792,28002156
793,28002156
794,28002156
795,28002156
796,28002156
797,28002156
944,28002156
954,28002156
955,28002156
956,28002156
957,28002156
958,28002156
959,28002156
1063,28002156
1064,28002156
1065,28002156
1066,28002156
1067,28002156
1068,28002156
1069,28002156
1070,28002156
1071,28002156
1072,28002156
1073,28002156
1074,28002156
1075,28002156
1076,28002156
1077,28002156
1078,28002156
1079,28002156
1080,28002156
1081,28002156
1082,28002156
1306,28002156
1307,28002156
1308,28002156
1309,28002156
1310,28002156
1311,28002156
1312,28002156
1313,28002156
1314,28002156
1315,28002156
1316,28002156
1317,28002156
1319,28002156
1320,28002156
1321,28002156
1322,28002156
1323,28002156
1324,28002156
1325,28002156
1326,28002156
1327,28002156
1328,28002156
1329,28002156
1330,28002156
1331,28002156
1411,28002156
1424,28002156
1425,28002156
1426,28002156
1427,28002156
1428,28002156
1575,28002156
1576,28002156
1577,28002156
1578,28002156
1579,28002156
1580,28002156
1581,28002156
1582,28002156
1583,28002156
1584,28002156
1585,28002156
1586,28002156
1587,28002156
1588,28002156
1589,28002156
1590,28002156
1591,28002156
1592,28002156
1593,28002156
1594,28002156
1648,28002156
1649,28002156
279,28002172
280,28002172
281,28002172
282,28002172
283,28002172
284,28002172
285,28002172
286,28002172
287,28002172
400,28002172
401,28002172
402,28002172
403,28002172
404,28002172
405,28002172
406,28002172
922,28002172
923,28002172
924,28002172
925,28002172
926,28002172
927,28002172
928,28002172
960,28002172
961,28002172
1100,28002172
1412,28002172
1413,28002172
1414,28002172
1415,28002172
1416,28002172
1417,28002172
1418,28002172
1419,28002172
1465,28002172
1568,28002172
1569,28002172
1570,28002172
1571,28002172
1572,28002172
1645,28002172
467,28005872
474,28005872
475,28005872
485,28005872
366,28005880
373,28005880
374,28005880
378,28005880
379,28005880
380,28005880
433,28005880
469,28005880
470,28005880
484,28005880
453,28005902
472,28005902
488,28005902
418,28005961
463,28005961
473,28005961
427,28005970
430,28005970
431,28005970
454,28005970
461,28005970
483,28005970
407,28005988
435,28005988
436,28005988
437,28005988
438,28005988
439,28005988
441,28005988
449,28005988
450,28005988
464,28005988
465,28005988
479,28005988
480,28005988
481,28005988
486,28005988
487,28005988
379,28014715
8270,28014758
8271,28014758
8435,28014758
8437,28014758
8247,28014766
8248,28014766
8249,28014766
8250,28014766
8251,28014766
8252,28014766
8253,28014766
8254,28014766
8255,28014766
8256,28014766
8257,28014766
8315,28014766
8316,28014766
8317,28014766
8318,28014766
8319,28014766
8320,28014766
8321,28014766
8395,28014766
8396,28014766
8397,28014766
8398,28014766
8399,28014766
8433,28014766
8434,28014766
8505,28014766
8506,28014766
8507,28014766
8508,28014766
8509,28014766
8510,28014766
8511,28014766
8515,28014766
8300,28014790
8301,28014790
8302,28014790
8303,28014790
8304,28014790
8342,28014790
8343,28014790
8344,28014790
8345,28014790
8346,28014790
8358,28014790
8359,28014790
8361,28014790
8367,28014790
8374,28014790
8465,28014790
8467,28014790
8468,28014790
8488,28014790
8513,28014790
8555,28014790
8556,28014790
8557,28014790
8558,28014790
8559,28014790
8565,28014790
8281,28014804
8282,28014804
8283,28014804
8284,28014804
8285,28014804
8286,28014804
8347,28014804
8348,28014804
8349,28014804
8350,28014804
8351,28014804
8352,28014804
8353,28014804
8354,28014804
8355,28014804
8356,28014804
8357,28014804
8406,28014804
8416,28014804
8482,28014804
8483,28014804
8484,28014804
8485,28014804
8486,28014804
8491,28014804
8502,28014804
8566,28014804
8567,28014804
8568,28014804
8569,28014804
8570,28014804
8576,28014804
8577,28014804
502,28014987
660,28014987
682,28014987
699,28014987
813,28014987
814,28014987
815,28014987
816,28014987
817,28014987
818,28014987
819,28014987
820,28014987
821,28014987
824,28014987
826,28014987
1089,28014987
1091,28014987
1092,28014987
1093,28014987
1094,28014987
1095,28014987
1096,28014987
1097,28014987
1098,28014987
1099,28014987
1100,28014987
1101,28014987
1102,28014987
1103,28014987
1104,28014987
1143,28014987
1144,28014987
1145,28014987
1146,28014987
1147,28014987
1213,28014987
1214,28014987
1215,28014987
1216,28014987
1217,28014987
1218,28014987
1219,28014987
1220,28014987
1221,28014987
1222,28014987
1223,28014987
1224,28014987
1225,28014987
1228,28014987
1230,28014987
1231,28014987
1232,28014987
1263,28014987
1270,28014987
1272,28014987
1273,28014987
1274,28014987
1318,28014987
1320,28014987
1321,28014987
1322,28014987
1354,28014987
1373,28014987
1374,28014987
1375,28014987
1377,28014987
1378,28014987
1379,28014987
1380,28014987
1381,28014987
1382,28014987
1383,28014987
1384,28014987
1385,28014987
1386,28014987
1387,28014987
1388,28014987
1389,28014987
1390,28014987
1391,28014987
1392,28014987
1393,28014987
1394,28014987
1395,28014987
1444,28014987
1445,28014987
1459,28014987
1460,28014987
1461,28014987
1464,28014987
1466,28014987
1470,28014987
1471,28014987
1472,28014987
1473,28014987
669,28015037
670,28015037
671,28015037
857,28015037
859,28015037
860,28015037
1122,28015037
1124,28015037
1125,28015037
1126,28015037
1127,28015037
1128,28015037
1129,28015037
1130,28015037
1131,28015037
1281,28015037
1282,28015037
1283,28015037
1284,28015037
1285,28015037
1323,28015037
1324,28015037
1325,28015037
1326,28015037
1333,28015037
1427,28015037
1428,28015037
1429,28015037
1430,28015037
1431,28015037
1432,28015037
1433,28015037
1434,28015037
1435,28015037
1233,28015045
1234,28015045
1365,28015045
1366,28015045
658,28015070
659,28015070
1038,28015070
1141,28015070
1301,28015070
1302,28015070
1327,28015070
1399,28015070
1400,28015070
1456,28015070
1040,28015100
1041,28015100
1042,28015100
1043,28015100
1044,28015100
1297,28015100
1298,28015100
1299,28015100
1300,28015100
1309,28015100
1368,28015100
1369,28015100
1422,28015100
1423,28015100
1424,28015100
940,28015126
942,28015126
943,28015126
944,28015126
945,28015126
1140,28015126
1209,28015126
1211,28015126
1212,28015126
1356,28015126
1357,28015126
1358,28015126
529,28015134
916,28015134
917,28015134
919,28015134
1105,28015134
1106,28015134
1162,28015134
1163,28015134
1165,28015134
1166,28015134
1167,28015134
1168,28015134
1271,28015134
1359,28015134
1360,28015134
1361,28015134
1467,28015134
1468,28015134
1469,28015134
379,28015150
933,28015150
952,28015150
1290,28015150
1291,28015150
1292,28015150
1293,28015150
1294,28015150
463,28015169
685,28015169
689,28015169
851,28015169
852,28015169
876,28015169
877,28015169
878,28015169
953,28015169
1063,28015169
1075,28015169
1193,28015169
1195,28015169
1196,28015169
1197,28015169
1198,28015169
1199,28015169
1200,28015169
1201,28015169
1202,28015169
1203,28015169
1204,28015169
1205,28015169
1206,28015169
1207,28015169
1208,28015169
1336,28015169
1337,28015169
1339,28015169
1340,28015169
1341,28015169
1342,28015169
1343,28015169
1344,28015169
1345,28015169
1346,28015169
1347,28015169
1348,28015169
1349,28015169
1350,28015169
1351,28015169
1352,28015169
1442,28015169
1443,28015169
1452,28015169
1453,28015169
1455,28015169
1474,28015169
1142,28015177
1311,28015177
1312,28015177
1313,28015177
1315,28015177
501,28015185
653,28015185
656,28015185
935,28015185
937,28015185
1191,28015185
1192,28015185
1419,28015185
1420,28015185
652,28015207
948,28015207
949,28015207
1133,28015207
1134,28015207
1135,28015207
1157,28015207
1158,28015207
1159,28015207
1362,28015207
1363,28015207
1364,28015207
297,28015215
510,28015215
961,28015215
1119,28015215
1120,28015215
1121,28015215
1286,28015215
1287,28015215
1288,28015215
1396,28015215
1398,28015215
1436,28015215
1437,28015215
436,28015223
623,28015223
644,28015223
886,28015223
887,28015223
1107,28015223
1108,28015223
1109,28015223
1110,28015223
1111,28015223
1112,28015223
1113,28015223
1114,28015223
1115,28015223
1116,28015223
1117,28015223
1118,28015223
1237,28015223
1238,28015223
1239,28015223
1240,28015223
1241,28015223
1242,28015223
1243,28015223
1244,28015223
1245,28015223
1246,28015223
1247,28015223
1248,28015223
1264,28015223
1265,28015223
1266,28015223
1317,28015223
1353,28015223
1371,28015223
1372,28015223
1401,28015223
1402,28015223
1403,28015223
1404,28015223
1405,28015223
1406,28015223
1407,28015223
1408,28015223
1409,28015223
1410,28015223
1411,28015223
1412,28015223
1413,28015223
1438,28015223
1439,28015223
1440,28015223
1441,28015223
1450,28015223
1451,28015223
960,28015231
1310,28015231
399,28015266
544,28015266
601,28015266
908,28015266
928,28015266
930,28015266
931,28015266
932,28015266
1077,28015266
1148,28015266
1149,28015266
1150,28015266
1151,28015266
1152,28015266
1153,28015266
1154,28015266
1155,28015266
1156,28015266
1338,28015266
1319,28015274
572,28015282
951,28015282
1160,28015282
1306,28015290
680,28015304
681,28015304
909,28015304
910,28015304
911,28015304
912,28015304
922,28015304
923,28015304
924,28015304
925,28015304
926,28015304
927,28015304
1136,28015304
1137,28015304
1138,28015304
1139,28015304
1235,28015304
1236,28015304
1275,28015304
1276,28015304
1277,28015304
1278,28015304
1279,28015304
1280,28015304
1295,28015304
1296,28015304
1370,28015304
1414,28015304
1416,28015304
1417,28015304
1418,28015304
1421,28015304
1446,28015304
1448,28015304
1449,28015304
1330,28015312
1331,28015312
599,28015320
1289,28015320
436,28016009
463,28016009
297,28016033
299,28016033
401,28016033
403,28016033
405,28016033
411,28016033
413,28016033
416,28016033
418,28016033
419,28016033
420,28016033
421,28016033
422,28016033
423,28016033
424,28016033
425,28016033
459,28016033
460,28016033
470,28016033
471,28016033
472,28016033
473,28016033
474,28016033
477,28016033
492,28016033
494,28016033
303,28016041
331,28016041
334,28016041
335,28016041
336,28016041
337,28016041
338,28016041
339,28016041
372,28016041
392,28016041
478,28016041
479,28016041
483,28016041
376,28016050
377,28016050
378,28016050
386,28016050
388,28016050
390,28016050
394,28016050
340,28016068
454,28016068
484,28016068
488,28016068
689,28016173
699,28016173
704,28016173
708,28016173
709,28016173
715,28016173
716,28016173
717,28016173
718,28016173
719,28016173
721,28016173
722,28016173
723,28016173
724,28016173
728,28016173
729,28016173
730,28016173
863,28016173
900,28016173
902,28016173
903,28016173
908,28016173
909,28016173
964,28016173
966,28016173
970,28016173
1112,28016173
1113,28016173
1115,28016173
1116,28016173
1118,28016173
1119,28016173
1121,28016173
1122,28016173
1123,28016173
1124,28016173
1127,28016173
1128,28016173
1130,28016173
1132,28016173
1134,28016173
1136,28016173
1139,28016173
1140,28016173
1141,28016173
1142,28016173
1175,28016173
1176,28016173
1178,28016173
1179,28016173
1180,28016173
1181,28016173
1182,28016173
1183,28016173
1185,28016173
1186,28016173
1187,28016173
1188,28016173
1190,28016173
1191,28016173
1192,28016173
1193,28016173
1194,28016173
1195,28016173
1232,28016173
1233,28016173
824,28016203
826,28016203
1103,28016203
1104,28016203
1105,28016203
1106,28016203
1107,28016203
1108,28016203
1109,28016203
1111,28016203
1177,28016203
1246,28016203
1247,28016203
1248,28016203
1249,28016203
1250,28016203
1251,28016203
1252,28016203
1253,28016203
652,28016211
653,28016211
654,28016211
655,28016211
656,28016211
657,28016211
658,28016211
857,28016211
859,28016211
1146,28016211
1147,28016211
1148,28016211
1243,28016211
1244,28016211
1245,28016211
1278,28016211
802,28016220
803,28016220
804,28016220
805,28016220
806,28016220
807,28016220
808,28016220
809,28016220
810,28016220
811,28016220
940,28016220
943,28016220
944,28016220
945,28016220
948,28016220
949,28016220
1038,28016220
1039,28016220
1040,28016220
1151,28016220
1152,28016220
1197,28016220
1198,28016220
1199,28016220
1200,28016220
1202,28016220
1203,28016220
1204,28016220
1205,28016220
1206,28016220
1207,28016220
1280,28016220
1281,28016220
1287,28016220
141,28016254
142,28016254
143,28016254
144,28016254
145,28016254
146,28016254
147,28016254
165,28016254
155,28016262
168,28016262
169,28016262
159,28016270
161,28016270
162,28016270
7344,28016327
7345,28016327
7346,28016327
7347,28016327
7348,28016327
7349,28016327
7350,28016327
7351,28016327
7352,28016327
7353,28016327
7354,28016327
7355,28016327
7356,28016327
7357,28016327
7358,28016327
7359,28016327
7360,28016327
7361,28016327
7362,28016327
7363,28016327
7364,28016327
7365,28016327
7725,28016327
7768,28016327
7769,28016327
7770,28016327
7771,28016327
7773,28016327
7774,28016327
7775,28016327
7776,28016327
7777,28016327
7778,28016327
7779,28016327
7780,28016327
7866,28016327
7867,28016327
7870,28016327
7910,28016327
7977,28016327
7978,28016327
7979,28016327
7980,28016327
7981,28016327
7982,28016327
7983,28016327
7984,28016327
7985,28016327
7986,28016327
7987,28016327
7988,28016327
7989,28016327
7990,28016327
7991,28016327
7992,28016327
7995,28016327
7997,28016327
7998,28016327
7999,28016327
8000,28016327
8001,28016327
7396,28016351
7397,28016351
7398,28016351
7399,28016351
7400,28016351
7401,28016351
7402,28016351
7700,28016351
7872,28016351
7873,28016351
7874,28016351
7875,28016351
7876,28016351
7877,28016351
7879,28016351
7880,28016351
7881,28016351
7882,28016351
7883,28016351
7889,28016351
7891,28016351
7893,28016351
7895,28016351
7897,28016351
7898,28016351
7902,28016351
7903,28016351
7904,28016351
7907,28016351
7908,28016351
7909,28016351
7322,28016378
7323,28016378
7324,28016378
7325,28016378
7326,28016378
7327,28016378
7328,28016378
7329,28016378
7330,28016378
7331,28016378
7332,28016378
7333,28016378
7334,28016378
7335,28016378
7336,28016378
7337,28016378
7338,28016378
7339,28016378
7340,28016378
7341,28016378
7342,28016378
7343,28016378
7583,28016378
7584,28016378
7585,28016378
7586,28016378
7587,28016378
7588,28016378
7604,28016378
7605,28016378
7606,28016378
7607,28016378
7608,28016378
7609,28016378
7610,28016378
7611,28016378
7612,28016378
7613,28016378
7614,28016378
7615,28016378
7638,28016378
7793,28016378
7835,28016378
7836,28016378
7837,28016378
7838,28016378
7839,28016378
7840,28016378
7841,28016378
7842,28016378
7843,28016378
7844,28016378
7845,28016378
7846,28016378
7847,28016378
7848,28016378
7849,28016378
7850,28016378
7851,28016378
7852,28016378
7853,28016378
7854,28016378
7855,28016378
8009,28016378
8010,28016378
8011,28016378
8012,28016378
8013,28016378
8014,28016378
7411,28016386
7412,28016386
7413,28016386
7414,28016386
7856,28016386
7858,28016386
7859,28016386
7860,28016386
7861,28016386
7862,28016386
7476,28016394
7477,28016394
7478,28016394
7529,28016394
7530,28016394
7531,28016394
7639,28016394
7640,28016394
7641,28016394
7479,28016416
7480,28016416
7481,28016416
7482,28016416
7483,28016416
7484,28016416
7485,28016416
7486,28016416
7487,28016416
7488,28016416
7489,28016416
7490,28016416
7491,28016416
7492,28016416
7493,28016416
7494,28016416
7495,28016416
7496,28016416
7497,28016416
7498,28016416
7499,28016416
7500,28016416
7575,28016416
7576,28016416
7577,28016416
7578,28016416
7579,28016416
7580,28016416
7581,28016416
7582,28016416
7616,28016416
7617,28016416
7618,28016416
7619,28016416
7620,28016416
7621,28016416
7622,28016416
7623,28016416
7625,28016416
7626,28016416
7627,28016416
7628,28016416
7629,28016416
7630,28016416
7631,28016416
7632,28016416
7633,28016416
7634,28016416
7635,28016416
7636,28016416
7657,28016416
7658,28016416
7659,28016416
7664,28016416
7683,28016416
7687,28016416
7735,28016416
7736,28016416
7737,28016416
7738,28016416
7739,28016416
7740,28016416
7745,28016416
7746,28016416
7747,28016416
7748,28016416
7749,28016416
7762,28016416
7763,28016416
7764,28016416
7765,28016416
7766,28016416
7767,28016416
7940,28016416
7941,28016416
7942,28016416
7943,28016416
7944,28016416
7945,28016416
7948,28016416
7951,28016416
7952,28016416
7955,28016416
7956,28016416
7957,28016416
7958,28016416
7959,28016416
7960,28016416
7961,28016416
7962,28016416
7963,28016416
7976,28016416
8004,28016416
7433,28016459
7434,28016459
7435,28016459
7436,28016459
7437,28016459
7438,28016459
7439,28016459
7440,28016459
7441,28016459
7442,28016459
7443,28016459
7444,28016459
7445,28016459
7446,28016459
7447,28016459
7699,28016459
7415,28016467
7416,28016467
7417,28016467
7418,28016467
7419,28016467
7420,28016467
7421,28016467
7422,28016467
7423,28016467
7424,28016467
7425,28016467
7426,28016467
7427,28016467
7535,28016467
7536,28016467
7537,28016467
7538,28016467
7539,28016467
7545,28016467
7547,28016467
7548,28016467
7556,28016467
7675,28016467
7676,28016467
7680,28016467
7681,28016467
7728,28016467
7729,28016467
7781,28016467
7782,28016467
7784,28016467
7785,28016467
7788,28016467
7789,28016467
7790,28016467
7794,28016467
7811,28016467
7812,28016467
7964,28016467
7965,28016467
7966,28016467
7967,28016467
7968,28016467
7969,28016467
7970,28016467
7971,28016467
7972,28016467
7973,28016467
7974,28016467
7975,28016467
7993,28016467
8002,28016467
8003,28016467
7469,28016483
7470,28016483
7471,28016483
7472,28016483
7473,28016483
7474,28016483
7475,28016483
7692,28016483
7796,28016483
7810,28016483
7857,28016483
7428,28016491
7429,28016491
7430,28016491
7431,28016491
7432,28016491
7682,28016491
7730,28016491
7732,28016491
7814,28016491
7815,28016491
7816,28016491
7403,28016556
7404,28016556
7405,28016556
7406,28016556
7407,28016556
7517,28016556
7518,28016556
7519,28016556
7520,28016556
7540,28016556
7542,28016556
7544,28016556
7546,28016556
7448,28016572
7449,28016572
7450,28016572
7451,28016572
7452,28016572
7453,28016572
7454,28016572
7455,28016572
7456,28016572
7457,28016572
7458,28016572
7459,28016572
7460,28016572
7461,28016572
7462,28016572
7589,28016572
7590,28016572
7591,28016572
7592,28016572
7593,28016572
7594,28016572
7595,28016572
7596,28016572
7597,28016572
7598,28016572
7599,28016572
7600,28016572
7601,28016572
7602,28016572
7603,28016572
7642,28016572
7643,28016572
7644,28016572
7645,28016572
7646,28016572
7647,28016572
7648,28016572
7649,28016572
7650,28016572
7651,28016572
7652,28016572
7653,28016572
7654,28016572
7655,28016572
7656,28016572
7366,28016580
7367,28016580
7368,28016580
7369,28016580
7370,28016580
7371,28016580
7372,28016580
7373,28016580
7374,28016580
7375,28016580
7376,28016580
7377,28016580
7378,28016580
7379,28016580
7380,28016580
7685,28016580
7697,28016580
7817,28016580
7818,28016580
7819,28016580
7820,28016580
7821,28016580
7822,28016580
7824,28016580
7827,28016580
7828,28016580
7830,28016580
7831,28016580
7832,28016580
7833,28016580
7834,28016580
7871,28016580
7911,28016580
7912,28016580
7913,28016580
7914,28016580
7915,28016580
7916,28016580
7917,28016580
7918,28016580
7919,28016580
7920,28016580
7921,28016580
7922,28016580
7923,28016580
8006,28016580
8007,28016580
379,28016912
387,28016912
399,28016912
493,28016912
499,28016912
501,28016912
502,28016912
503,28016912
510,28016912
511,28016912
524,28016912
539,28016912
540,28016912
553,28016912
554,28016912
297,28016939
299,28016939
303,28016939
458,28016939
463,28016939
469,28016939
470,28016939
520,28016939
413,28016947
297,28022041
303,28022041
399,28022041
669,28022041
670,28022041
671,28022041
722,28022041
723,28022041
724,28022041
728,28022041
729,28022041
730,28022041
733,28022041
734,28022041
735,28022041
736,28022041
919,28022041
936,28022041
937,28022041
938,28022041
940,28022041
942,28022041
943,28022041
944,28022041
945,28022041
948,28022041
949,28022041
951,28022041
952,28022041
798,28022068
799,28022068
800,28022068
801,28022068
802,28022068
1038,28022068
1039,28022068
1040,28022068
1160,28022068
501,28022092
544,28022092
652,28022092
653,28022092
654,28022092
655,28022092
656,28022092
657,28022092
708,28022092
709,28022092
758,28022092
759,28022092
761,28022092
379,28022122
599,28022122
601,28022122
644,28022122
717,28022122
931,28022122
966,28022122
436,28022149
623,28022149
715,28022149
742,28022149
743,28022149
960,28022149
961,28022149
964,28022149
857,28022165
859,28022165
860,28022165
863,28022165
1178,28022165
839,28022173
840,28022173
1113,28022173
1114,28022173
1122,28022173
1136,28022173
510,28022181
551,28022181
659,28022181
660,28022181
699,28022181
718,28022181
737,28022181
740,28022181
868,28022190
875,28022190
876,28022190
877,28022190
1064,28022190
1065,28022190
1067,28022190
1069,28022190
1077,28022190
1079,28022190
851,28022211
852,28022211
917,28022211
935,28022211
1156,28022211
803,28022220
804,28022220
805,28022220
806,28022220
807,28022220
808,28022220
809,28022220
810,28022220
811,28022220
1125,28022220
1126,28022220
1127,28022220
1128,28022220
1129,28022220
1130,28022220
1131,28022220
1134,28022220
1137,28022220
502,28022246
572,28022246
680,28022246
681,28022246
682,28022246
685,28022246
741,28022246
744,28022246
953,28022246
1159,28022246
912,28022254
1143,28022254
1144,28022254
1145,28022254
1146,28022254
1147,28022254
1148,28022254
1149,28022254
1150,28022254
1151,28022254
1152,28022254
1153,28022254
1154,28022254
1155,28022254
1157,28022254
1158,28022254
1168,28022254
1169,28022254
1176,28022254
1177,28022254
812,28022386
813,28022386
814,28022386
815,28022386
816,28022386
817,28022386
818,28022386
819,28022386
820,28022386
821,28022386
824,28022386
826,28022386
830,28022386
831,28022386
910,28022386
911,28022386
1091,28022386
1092,28022386
1093,28022386
1094,28022386
1095,28022386
1096,28022386
1097,28022386
1098,28022386
1099,28022386
1102,28022386
1104,28022386
1105,28022386
1123,28022386
1124,28022386
1133,28022386
1170,28022386
1171,28022386
1175,28022386
4831,28025911
4832,28025911
4833,28025911
4834,28025911
4835,28025911
4836,28025911
4837,28025911
5165,28025911
5166,28025911
5167,28025911
5393,28025911
5520,28025911
5523,28025911
5524,28025911
5525,28025911
5526,28025911
5527,28025911
5528,28025911
5585,28025911
5586,28025911
5617,28025911
5618,28025911
5619,28025911
5620,28025911
5787,28025911
5846,28025911
5847,28025911
5852,28025911
5854,28025911
5856,28025911
5865,28025911
6066,28025911
6067,28025911
6068,28025911
6069,28025911
6070,28025911
6362,28025911
6363,28025911
6365,28025911
6366,28025911
6367,28025911
6368,28025911
6491,28025911
4978,28025970
4979,28025970
4980,28025970
4981,28025970
4982,28025970
4983,28025970
5481,28025970
5482,28025970
5483,28025970
5484,28025970
5485,28025970
5638,28025970
5693,28025970
5694,28025970
5862,28025970
5863,28025970
6059,28025970
6060,28025970
6258,28025970
6304,28025970
6548,28025970
6549,28025970
6566,28025970
4915,28026012
4916,28026012
4917,28026012
4918,28026012
4919,28026012
4920,28026012
4921,28026012
4922,28026012
4923,28026012
4924,28026012
4925,28026012
5172,28026012
5173,28026012
5174,28026012
5175,28026012
5176,28026012
5499,28026012
5500,28026012
5501,28026012
5502,28026012
5503,28026012
5603,28026012
5604,28026012
5611,28026012
5612,28026012
5613,28026012
5857,28026012
5858,28026012
5859,28026012
5860,28026012
5861,28026012
6071,28026012
6072,28026012
6073,28026012
6074,28026012
6075,28026012
6342,28026012
6343,28026012
6344,28026012
6345,28026012
6346,28026012
6517,28026012
6518,28026012
6519,28026012
6520,28026012
6521,28026012
6522,28026012
6523,28026012
6524,28026012
6525,28026012
6526,28026012
6527,28026012
6528,28026012
6529,28026012
6530,28026012
6531,28026012
6532,28026012
6533,28026012
6534,28026012
6535,28026012
6536,28026012
6537,28026012
6538,28026012
6539,28026012
6540,28026012
6541,28026012
6542,28026012
5006,28026039
5007,28026039
5008,28026039
5009,28026039
5010,28026039
5011,28026039
5012,28026039
5013,28026039
5014,28026039
5015,28026039
5016,28026039
5017,28026039
5018,28026039
5019,28026039
5020,28026039
5021,28026039
5022,28026039
5023,28026039
5098,28026039
5099,28026039
5100,28026039
5101,28026039
5102,28026039
5103,28026039
5104,28026039
5105,28026039
5106,28026039
5107,28026039
5108,28026039
5151,28026039
5230,28026039
5231,28026039
5232,28026039
5234,28026039
5235,28026039
5236,28026039
5237,28026039
5238,28026039
5261,28026039
5266,28026039
5267,28026039
5310,28026039
5311,28026039
5312,28026039
5313,28026039
5314,28026039
5315,28026039
5316,28026039
5317,28026039
5318,28026039
5319,28026039
5320,28026039
5347,28026039
5376,28026039
5458,28026039
5461,28026039
5464,28026039
5466,28026039
5470,28026039
5473,28026039
5474,28026039
5475,28026039
5476,28026039
5477,28026039
5478,28026039
5698,28026039
5700,28026039
5702,28026039
5703,28026039
5704,28026039
5706,28026039
5708,28026039
5709,28026039
5738,28026039
5739,28026039
5742,28026039
5743,28026039
5833,28026039
5835,28026039
5836,28026039
6190,28026039
6191,28026039
6192,28026039
6193,28026039
6194,28026039
6195,28026039
6196,28026039
6197,28026039
6198,28026039
6199,28026039
6200,28026039
6201,28026039
6202,28026039
6203,28026039
6204,28026039
6369,28026039
6370,28026039
6371,28026039
6372,28026039
6373,28026039
6374,28026039
6375,28026039
6376,28026039
6377,28026039
6378,28026039
6379,28026039
6380,28026039
6381,28026039
6382,28026039
6493,28026039
6494,28026039
6495,28026039
5043,28026047
5044,28026047
5045,28026047
5046,28026047
5047,28026047
5048,28026047
5049,28026047
5450,28026047
5451,28026047
5452,28026047
5454,28026047
5573,28026047
5574,28026047
5577,28026047
5578,28026047
5692,28026047
5824,28026047
5827,28026047
5828,28026047
5829,28026047
5843,28026047
5844,28026047
6046,28026047
6051,28026047
6054,28026047
6055,28026047
6056,28026047
6057,28026047
6058,28026047
6235,28026047
6252,28026047
6253,28026047
6254,28026047
6255,28026047
6256,28026047
6257,28026047
6287,28026047
6288,28026047
6551,28026047
6552,28026047
6553,28026047
6554,28026047
6555,28026047
6556,28026047
6557,28026047
6558,28026047
6559,28026047
6560,28026047
6563,28026047
4926,28026055
4927,28026055
4928,28026055
4929,28026055
4930,28026055
4931,28026055
4932,28026055
4933,28026055
4934,28026055
5555,28026055
5558,28026055
5559,28026055
5560,28026055
5561,28026055
5579,28026055
5582,28026055
5583,28026055
5584,28026055
5710,28026055
5722,28026055
5724,28026055
5729,28026055
5762,28026055
5933,28026055
5934,28026055
6076,28026055
6077,28026055
6078,28026055
6461,28026055
6465,28026055
6468,28026055
6469,28026055
6470,28026055
6471,28026055
6472,28026055
4881,28026063
4882,28026063
4883,28026063
4884,28026063
4885,28026063
4886,28026063
4887,28026063
4888,28026063
4889,28026063
4890,28026063
4891,28026063
4892,28026063
4893,28026063
4894,28026063
4895,28026063
4896,28026063
4897,28026063
4898,28026063
4899,28026063
4900,28026063
4901,28026063
4902,28026063
4903,28026063
4904,28026063
4905,28026063
4906,28026063
4907,28026063
4908,28026063
4909,28026063
4910,28026063
4911,28026063
4912,28026063
4913,28026063
4914,28026063
5072,28026063
5073,28026063
5074,28026063
5075,28026063
5096,28026063
5097,28026063
5120,28026063
5140,28026063
5141,28026063
5144,28026063
5147,28026063
5148,28026063
5149,28026063
5150,28026063
5152,28026063
5153,28026063
5154,28026063
5155,28026063
5156,28026063
5157,28026063
5158,28026063
5159,28026063
5160,28026063
5161,28026063
5162,28026063
5163,28026063
5164,28026063
5177,28026063
5178,28026063
5179,28026063
5180,28026063
5181,28026063
5182,28026063
5183,28026063
5184,28026063
5185,28026063
5186,28026063
5187,28026063
5188,28026063
5189,28026063
5190,28026063
5191,28026063
5192,28026063
5193,28026063
5194,28026063
5195,28026063
5196,28026063
5197,28026063
5198,28026063
5199,28026063
5200,28026063
5201,28026063
5202,28026063
5203,28026063
5321,28026063
5322,28026063
5324,28026063
5325,28026063
5326,28026063
5327,28026063
5328,28026063
5329,28026063
5330,28026063
5331,28026063
5333,28026063
5335,28026063
5342,28026063
5343,28026063
5344,28026063
5346,28026063
5426,28026063
5427,28026063
5428,28026063
5429,28026063
5430,28026063
5431,28026063
5432,28026063
5433,28026063
5434,28026063
5435,28026063
5436,28026063
5437,28026063
5438,28026063
5439,28026063
5440,28026063
5441,28026063
5442,28026063
5443,28026063
5444,28026063
5445,28026063
5446,28026063
5447,28026063
5448,28026063
5449,28026063
5657,28026063
5658,28026063
5659,28026063
5660,28026063
5661,28026063
5662,28026063
5663,28026063
5672,28026063
5777,28026063
5779,28026063
5780,28026063
5781,28026063
5783,28026063
5784,28026063
5785,28026063
5786,28026063
5788,28026063
5792,28026063
5793,28026063
5794,28026063
5795,28026063
5796,28026063
5797,28026063
5798,28026063
5799,28026063
5800,28026063
5801,28026063
5802,28026063
5803,28026063
5804,28026063
5805,28026063
5806,28026063
5886,28026063
5891,28026063
5892,28026063
5894,28026063
5908,28026063
5910,28026063
5911,28026063
5919,28026063
5920,28026063
5921,28026063
5922,28026063
6038,28026063
6081,28026063
6082,28026063
6083,28026063
6084,28026063
6085,28026063
6086,28026063
6087,28026063
6088,28026063
6089,28026063
6090,28026063
6091,28026063
6092,28026063
6093,28026063
6094,28026063
6095,28026063
6096,28026063
6097,28026063
6098,28026063
6099,28026063
6100,28026063
6101,28026063
6102,28026063
6103,28026063
6104,28026063
6105,28026063
6106,28026063
6107,28026063
6108,28026063
6109,28026063
6110,28026063
6111,28026063
6351,28026063
6474,28026063
6476,28026063
6477,28026063
6478,28026063
6479,28026063
6480,28026063
6481,28026063
6489,28026063
6490,28026063
6496,28026063
6497,28026063
6498,28026063
6499,28026063
6501,28026063
6502,28026063
6503,28026063
6504,28026063
6505,28026063
6506,28026063
6507,28026063
6508,28026063
6509,28026063
6510,28026063
6511,28026063
6512,28026063
6514,28026063
6515,28026063
6516,28026063
5024,28026071
5025,28026071
5026,28026071
5027,28026071
5028,28026071
5029,28026071
5030,28026071
5031,28026071
5032,28026071
5033,28026071
5034,28026071
5035,28026071
5036,28026071
5037,28026071
5038,28026071
5039,28026071
5040,28026071
5041,28026071
5042,28026071
5239,28026071
5240,28026071
5241,28026071
5242,28026071
5243,28026071
5244,28026071
5245,28026071
5246,28026071
5247,28026071
5248,28026071
5254,28026071
5348,28026071
5349,28026071
5350,28026071
5351,28026071
5352,28026071
5353,28026071
5354,28026071
5355,28026071
5356,28026071
5357,28026071
5358,28026071
5359,28026071
5415,28026071
5416,28026071
5419,28026071
5420,28026071
5421,28026071
5422,28026071
5423,28026071
5424,28026071
5425,28026071
5498,28026071
5594,28026071
5597,28026071
5598,28026071
5599,28026071
5600,28026071
5601,28026071
5602,28026071
5607,28026071
5608,28026071
5609,28026071
5610,28026071
5696,28026071
5866,28026071
5867,28026071
5868,28026071
5869,28026071
5870,28026071
5871,28026071
5872,28026071
6205,28026071
6206,28026071
6207,28026071
6208,28026071
6209,28026071
6210,28026071
6211,28026071
6212,28026071
6213,28026071
6214,28026071
6215,28026071
6216,28026071
6217,28026071
6218,28026071
6219,28026071
6236,28026071
6237,28026071
6238,28026071
6239,28026071
6240,28026071
6241,28026071
6242,28026071
6243,28026071
6244,28026071
6245,28026071
6246,28026071
6247,28026071
6248,28026071
6249,28026071
6250,28026071
6473,28026071
4838,28026080
4839,28026080
4840,28026080
4841,28026080
4842,28026080
4843,28026080
4844,28026080
4845,28026080
4846,28026080
4847,28026080
4848,28026080
4849,28026080
4850,28026080
4851,28026080
4852,28026080
4853,28026080
4854,28026080
4855,28026080
4856,28026080
4857,28026080
4858,28026080
4859,28026080
4860,28026080
5066,28026080
5067,28026080
5071,28026080
5082,28026080
5086,28026080
5087,28026080
5088,28026080
5089,28026080
5091,28026080
5092,28026080
5094,28026080
5095,28026080
5252,28026080
5531,28026080
5540,28026080
5541,28026080
5542,28026080
5543,28026080
5544,28026080
5545,28026080
5546,28026080
5547,28026080
5548,28026080
5549,28026080
5556,28026080
5596,28026080
5622,28026080
5623,28026080
5624,28026080
5625,28026080
5626,28026080
5643,28026080
5644,28026080
5645,28026080
5647,28026080
5648,28026080
5649,28026080
5650,28026080
5873,28026080
5875,28026080
5876,28026080
5877,28026080
5878,28026080
5879,28026080
5880,28026080
5881,28026080
5882,28026080
5883,28026080
5884,28026080
6112,28026080
6113,28026080
6114,28026080
6259,28026080
6260,28026080
6261,28026080
6262,28026080
6263,28026080
6264,28026080
6265,28026080
6266,28026080
6267,28026080
6268,28026080
6269,28026080
6270,28026080
4771,28026098
4772,28026098
4773,28026098
4774,28026098
4775,28026098
4776,28026098
4777,28026098
4778,28026098
4779,28026098
4780,28026098
4781,28026098
4782,28026098
4783,28026098
4784,28026098
4785,28026098
4786,28026098
4787,28026098
4788,28026098
4789,28026098
4790,28026098
4791,28026098
4792,28026098
4793,28026098
4794,28026098
4795,28026098
4796,28026098
4797,28026098
5122,28026098
5123,28026098
5124,28026098
5125,28026098
5126,28026098
5127,28026098
5128,28026098
5129,28026098
5130,28026098
5131,28026098
5132,28026098
5133,28026098
5134,28026098
5135,28026098
5142,28026098
5143,28026098
5146,28026098
5262,28026098
5263,28026098
5264,28026098
5268,28026098
5269,28026098
5270,28026098
5271,28026098
5272,28026098
5273,28026098
5274,28026098
5276,28026098
5277,28026098
5278,28026098
5279,28026098
5281,28026098
5282,28026098
5283,28026098
5360,28026098
5361,28026098
5362,28026098
5363,28026098
5364,28026098
5365,28026098
5366,28026098
5367,28026098
5368,28026098
5369,28026098
5370,28026098
5371,28026098
5372,28026098
5373,28026098
5374,28026098
5377,28026098
5504,28026098
5506,28026098
5508,28026098
5509,28026098
5510,28026098
5512,28026098
5516,28026098
5517,28026098
5518,28026098
5519,28026098
5532,28026098
5533,28026098
5534,28026098
5535,28026098
5562,28026098
5766,28026098
5807,28026098
5808,28026098
5810,28026098
5811,28026098
5812,28026098
5813,28026098
5814,28026098
5815,28026098
5816,28026098
5817,28026098
5818,28026098
5819,28026098
5820,28026098
5821,28026098
5988,28026098
5989,28026098
5991,28026098
5992,28026098
5994,28026098
5996,28026098
5999,28026098
6000,28026098
6039,28026098
6040,28026098
6041,28026098
6042,28026098
6043,28026098
6044,28026098
6176,28026098
6177,28026098
6178,28026098
6179,28026098
6180,28026098
6181,28026098
6182,28026098
6183,28026098
6184,28026098
6185,28026098
6186,28026098
6187,28026098
6188,28026098
6189,28026098
6442,28026098
6443,28026098
6444,28026098
6445,28026098
6446,28026098
6447,28026098
6448,28026098
6449,28026098
6450,28026098
6451,28026098
6452,28026098
6453,28026098
6455,28026098
4984,28026101
4985,28026101
4986,28026101
4987,28026101
4988,28026101
4989,28026101
5169,28026101
5170,28026101
5171,28026101
5822,28026101
4798,28026128
4799,28026128
4800,28026128
4801,28026128
4802,28026128
4803,28026128
4804,28026128
4805,28026128
5511,28026128
5513,28026128
5515,28026128
5730,28026128
5731,28026128
5778,28026128
5050,28026136
5051,28026136
5052,28026136
5053,28026136
5054,28026136
5055,28026136
5056,28026136
5057,28026136
5695,28026136
5701,28026136
5753,28026136
4935,28026144
4936,28026144
4937,28026144
4938,28026144
4939,28026144
4940,28026144
4941,28026144
4942,28026144
4943,28026144
4944,28026144
4945,28026144
4946,28026144
4947,28026144
4948,28026144
4949,28026144
5486,28026144
5487,28026144
5488,28026144
5489,28026144
5490,28026144
5491,28026144
5492,28026144
5493,28026144
5494,28026144
5495,28026144
5496,28026144
5497,28026144
5711,28026144
5712,28026144
5713,28026144
5714,28026144
5715,28026144
5716,28026144
5717,28026144
5718,28026144
5720,28026144
5721,28026144
5723,28026144
5725,28026144
5727,28026144
5972,28026144
5977,28026144
6139,28026144
6140,28026144
6141,28026144
6142,28026144
6143,28026144
6144,28026144
6145,28026144
6146,28026144
6147,28026144
6148,28026144
6149,28026144
6150,28026144
6151,28026144
6314,28026144
6315,28026144
6317,28026144
6318,28026144
6319,28026144
6320,28026144
6321,28026144
6322,28026144
6323,28026144
6324,28026144
6325,28026144
6326,28026144
6327,28026144
6328,28026144
6329,28026144
4950,28026152
4951,28026152
4952,28026152
4953,28026152
4954,28026152
4955,28026152
4956,28026152
4957,28026152
4958,28026152
4959,28026152
4960,28026152
4961,28026152
4962,28026152
4963,28026152
4964,28026152
4965,28026152
4966,28026152
4967,28026152
4968,28026152
4969,28026152
4970,28026152
4971,28026152
5455,28026152
5456,28026152
5457,28026152
5459,28026152
5460,28026152
5462,28026152
5463,28026152
5465,28026152
5467,28026152
5468,28026152
5469,28026152
5471,28026152
5472,28026152
5588,28026152
5615,28026152
5616,28026152
5642,28026152
5664,28026152
5733,28026152
5734,28026152
5735,28026152
5740,28026152
5746,28026152
5772,28026152
5773,28026152
5774,28026152
5775,28026152
5776,28026152
5782,28026152
5790,28026152
6025,28026152
6035,28026152
6115,28026152
6116,28026152
6117,28026152
6118,28026152
6119,28026152
6120,28026152
6121,28026152
6122,28026152
6123,28026152
6124,28026152
6125,28026152
6126,28026152
6127,28026152
6128,28026152
6129,28026152
6130,28026152
6251,28026152
6330,28026152
6331,28026152
6332,28026152
6333,28026152
6334,28026152
6335,28026152
6336,28026152
6337,28026152
6349,28026152
6350,28026152
6352,28026152
6389,28026152
6391,28026152
6392,28026152
4861,28026179
4862,28026179
4863,28026179
4864,28026179
4865,28026179
4866,28026179
4867,28026179
4868,28026179
4869,28026179
4870,28026179
4871,28026179
5402,28026179
5403,28026179
5404,28026179
5405,28026179
5406,28026179
5407,28026179
5408,28026179
5409,28026179
5410,28026179
5411,28026179
5581,28026179
5593,28026179
5595,28026179
5651,28026179
5652,28026179
5653,28026179
5654,28026179
5655,28026179
5656,28026179
5962,28026179
5963,28026179
5964,28026179
5965,28026179
5966,28026179
6152,28026179
6153,28026179
6154,28026179
6155,28026179
6353,28026179
6354,28026179
6355,28026179
6356,28026179
6357,28026179
6358,28026179
6359,28026179
6360,28026179
6361,28026179
4972,28026187
4973,28026187
4974,28026187
4975,28026187
4976,28026187
4977,28026187
5769,28026187
5770,28026187
5771,28026187
5980,28026187
5981,28026187
6079,28026187
6080,28026187
6384,28026187
6385,28026187
6386,28026187
6387,28026187
6388,28026187
6543,28026187
6544,28026187
6545,28026187
6546,28026187
6547,28026187
5030,28026349
5031,28026349
5032,28026349
5082,28026349
5083,28026349
5084,28026349
5088,28026349
5147,28026349
5148,28026349
5185,28026349
5186,28026349
5187,28026349
5188,28026349
5189,28026349
5190,28026349
5295,28026349
5296,28026349
5297,28026349
5298,28026349
5299,28026349
5300,28026349
299,28026713
303,28026713
654,28026713
655,28026713
657,28026713
1039,28026713
1303,28026713
1304,28026713
1425,28026713
1426,28026713
1305,28026721
148,28027264
149,28027264
150,28027264
733,28027299
734,28027299
735,28027299
736,28027299
737,28027299
738,28027299
740,28027299
741,28027299
742,28027299
743,28027299
744,28027299
745,28027299
758,28027299
759,28027299
761,28027299
876,28027299
877,28027299
885,28027299
926,28027299
927,28027299
928,28027299
951,28027299
952,28027299
1091,28027299
1092,28027299
1093,28027299
1094,28027299
1096,28027299
1098,28027299
1150,28027299
1163,28027299
1164,28027299
1165,28027299
1166,28027299
1167,28027299
1228,28027299
1229,28027299
1230,28027299
1231,28027299
1234,28027299
1235,28027299
1236,28027299
1279,28027299
1283,28027299
1284,28027299
1285,28027299
1286,28027299
1045,28027558
1194,28027558
798,28028180
799,28028180
800,28028180
801,28028180
445,28029259
446,28029259
447,28029259
451,28029259
457,28029259
561,28029259
475,28030338
476,28030338
477,28030338
479,28030338
480,28030338
557,28030338
297,28030680
299,28030680
303,28030680
393,28030680
397,28030680
398,28030680
399,28030680
400,28030680
401,28030680
402,28030680
466,28030680
476,28030680
477,28030680
478,28030680
7381,28030699
7382,28030699
7383,28030699
7384,28030699
7385,28030699
7386,28030699
7387,28030699
7388,28030699
7389,28030699
7390,28030699
7391,28030699
7392,28030699
7393,28030699
7394,28030699
7395,28030699
7521,28030699
7522,28030699
7523,28030699
7524,28030699
7525,28030699
7526,28030699
7527,28030699
7528,28030699
171,28030737
358,28030737
361,28030737
362,28030737
365,28030737
366,28030737
367,28030737
370,28030737
371,28030737
391,28030737
397,28030737
399,28030737
461,28030737
480,28030737
481,28030737
482,28030737
490,28030737
491,28030737
297,28030770
299,28030770
303,28030770
931,28031199
932,28031199
933,28031199
935,28031199
936,28031199
937,28031199
938,28031199
1099,28031199
1271,28031199
1272,28031199
1273,28031199
1274,28031199
1275,28031199
1276,28031199
1277,28031199
8287,28031202
8288,28031202
8289,28031202
8290,28031202
8291,28031202
8292,28031202
8293,28031202
8294,28031202
8295,28031202
8296,28031202
8297,28031202
8298,28031202
8299,28031202
8322,28031202
8323,28031202
8324,28031202
8325,28031202
8326,28031202
8327,28031202
8328,28031202
8329,28031202
8369,28031202
8370,28031202
8371,28031202
8372,28031202
8373,28031202
8400,28031202
8401,28031202
8404,28031202
8415,28031202
8454,28031202
8455,28031202
8456,28031202
8457,28031202
8458,28031202
8459,28031202
8462,28031202
8487,28031202
8512,28031202
8540,28031202
8542,28031202
8547,28031202
8548,28031202
8549,28031202
8550,28031202
8560,28031202
8561,28031202
8562,28031202
8258,28031296
8259,28031296
8260,28031296
8261,28031296
8262,28031296
8263,28031296
8264,28031296
8265,28031296
8266,28031296
8267,28031296
8268,28031296
8269,28031296
8330,28031296
8331,28031296
8332,28031296
8333,28031296
8334,28031296
8335,28031296
8336,28031296
8337,28031296
8338,28031296
8339,28031296
8340,28031296
8341,28031296
8375,28031296
8377,28031296
8378,28031296
8379,28031296
8380,28031296
8381,28031296
8382,28031296
8414,28031296
8417,28031296
8419,28031296
8420,28031296
8422,28031296
8427,28031296
8428,28031296
8429,28031296
8430,28031296
8432,28031296
8438,28031296
8439,28031296
8440,28031296
8441,28031296
8442,28031296
8443,28031296
8444,28031296
8445,28031296
8469,28031296
8470,28031296
8471,28031296
8472,28031296
8473,28031296
8474,28031296
8475,28031296
8476,28031296
8477,28031296
8478,28031296
8479,28031296
8480,28031296
8514,28031296
8516,28031296
8518,28031296
8519,28031296
8520,28031296
8521,28031296
8522,28031296
8523,28031296
8524,28031296
8525,28031296
8526,28031296
8527,28031296
8528,28031296
8551,28031296
8552,28031296
8553,28031296
8554,28031296
8564,28031296
8573,28031296
8578,28031296
7408,28031369
7409,28031369
7410,28031369
7515,28031369
7516,28031369
7533,28031369
7534,28031369
7688,28031369
7689,28031369
7690,28031369
7693,28031369
7708,28031369
7709,28031369
7723,28031369
7463,28031377
7464,28031377
7465,28031377
7466,28031377
7467,28031377
7884,28031377
7885,28031377
7886,28031377
7887,28031377
7888,28031377
7892,28031377
7894,28031377
7896,28031377
7501,28031385
7864,28031385
7865,28031385
7468,28032012
7678,28032012
399,28032020
4806,28032071
4807,28032071
4808,28032071
4809,28032071
4810,28032071
4811,28032071
4812,28032071
4813,28032071
4814,28032071
4815,28032071
4816,28032071
4817,28032071
4818,28032071
4819,28032071
4820,28032071
4821,28032071
4822,28032071
4823,28032071
4824,28032071
4825,28032071
4826,28032071
4827,28032071
4828,28032071
4829,28032071
4830,28032071
5076,28032071
5077,28032071
5078,28032071
5079,28032071
5080,28032071
5222,28032071
5223,28032071
5224,28032071
5225,28032071
5226,28032071
5530,28032071
5568,28032071
5673,28032071
5674,28032071
5675,28032071
5676,28032071
5677,28032071
5678,28032071
5679,28032071
5680,28032071
5681,28032071
5682,28032071
5683,28032071
5684,28032071
5685,28032071
5686,28032071
5687,28032071
5688,28032071
5689,28032071
5690,28032071
5691,28032071
6156,28032071
6157,28032071
6158,28032071
6159,28032071
6160,28032071
6161,28032071
6162,28032071
6163,28032071
6164,28032071
6165,28032071
6166,28032071
6167,28032071
6168,28032071
6169,28032071
6170,28032071
6171,28032071
6172,28032071
6173,28032071
6174,28032071
6175,28032071
6271,28032071
6272,28032071
6273,28032071
6274,28032071
6275,28032071
6276,28032071
6277,28032071
6278,28032071
6279,28032071
6280,28032071
6281,28032071
6282,28032071
6283,28032071
6284,28032071
6285,28032071
6286,28032071
953,28032233
968,28032233
969,28032233
1102,28032233
1110,28032233
1133,28032233
1135,28032233
1137,28032233
1138,28032233
1264,28032233
1265,28032233
1266,28032233
1267,28032233
1268,28032233
463,28032373
529,28032373
689,28032373
716,28032373
721,28032373
745,28032373
1162,28032373
1163,28032373
1164,28032373
1165,28032373
1166,28032373
1179,28032373
1180,28032373
1181,28032373
427,28032616
428,28032616
429,28032616
430,28032616
431,28032616
445,28032616
446,28032616
5058,28032837
5059,28032837
5060,28032837
5061,28032837
5062,28032837
5063,28032837
5064,28032837
5065,28032837
5563,28032837
5564,28032837
5565,28032837
5566,28032837
5567,28032837
5755,28032837
5756,28032837
5757,28032837
5758,28032837
5759,28032837
5760,28032837
5941,28032837
5943,28032837
6061,28032837
6062,28032837
6063,28032837
6064,28032837
6065,28032837
6482,28032837
6483,28032837
6484,28032837
6485,28032837
6486,28032837
6487,28032837
6488,28032837
379,28032934
384,28032934
387,28032934
441,28032934
466,28032934
467,28032934
475,28032934
476,28032934
258,28033248
259,28033248
260,28033248
396,28033248
397,28033248
398,28033248
683,28033248
684,28033248
685,28033248
1347,28033248
1348,28033248
1350,28033248
659,28033418
660,28033418
664,28033418
669,28033418
670,28033418
671,28033418
680,28033418
681,28033418
682,28033418
839,28033418
840,28033418
910,28033418
911,28033418
960,28033418
961,28033418
1063,28033418
1075,28033418
1077,28033418
1100,28033418
1101,28033418
1149,28033418
1208,28033418
1209,28033418
1210,28033418
1211,28033418
1212,28033418
1213,28033418
1214,28033418
1215,28033418
1216,28033418
1217,28033418
1218,28033418
1219,28033418
1220,28033418
1221,28033418
1222,28033418
1223,28033418
1224,28033418
1225,28033418
1226,28033418
1227,28033418
387,28033582
840,28033582
1172,28033582
1173,28033582
1174,28033582
1175,28033582
1176,28033582
1177,28033582
1179,28033582
1180,28033582
1181,28033582
1182,28033582
1183,28033582
1184,28033582
1185,28033582
1186,28033582
1187,28033582
1188,28033582
1355,28033582
152,28034139
153,28034139
154,28034139
155,28034139
156,28034139
157,28034139
158,28034139
159,28034139
160,28034139
161,28034139
162,28034139
163,28034139
338,28034139
350,28034139
352,28034139
354,28034139
355,28034139
357,28034139
359,28034139
360,28034139
361,28034139
362,28034139
363,28034139
364,28034139
365,28034139
366,28034139
368,28034139
764,28034139
765,28034139
766,28034139
767,28034139
768,28034139
769,28034139
770,28034139
771,28034139
772,28034139
773,28034139
774,28034139
775,28034139
776,28034139
777,28034139
778,28034139
1291,28034139
1292,28034139
1293,28034139
1294,28034139
1295,28034139
1296,28034139
1297,28034139
1298,28034139
1299,28034139
1300,28034139
1301,28034139
1302,28034139
1303,28034139
1304,28034139
1305,28034139
1437,2803458
1441,2803458
1445,2803458
1446,2803458
1447,2803458
1448,2803458
1642,2803458
297,28035224
299,28035224
303,28035224
4872,28035445
4873,28035445
4874,28035445
4875,28035445
4876,28035445
4877,28035445
4878,28035445
4879,28035445
4880,28035445
5297,28035445
5298,28035445
5299,28035445
5300,28035445
5301,28035445
5302,28035445
5303,28035445
5304,28035445
5394,28035445
5395,28035445
5396,28035445
5397,28035445
5398,28035445
5399,28035445
5665,28035445
5666,28035445
5667,28035445
5668,28035445
5669,28035445
5670,28035445
5671,28035445
6131,28035445
6132,28035445
6133,28035445
6134,28035445
6135,28035445
6136,28035445
6137,28035445
6138,28035445
6305,28035445
6306,28035445
6307,28035445
6308,28035445
6309,28035445
6310,28035445
6311,28035445
6312,28035445
6460,28035445
70,28035453
71,28035453
72,28035453
73,28035453
74,28035453
75,28035453
455,28035453
456,28035453
457,28035453
458,28035453
459,28035453
460,28035453
461,28035453
844,28035453
845,28035453
846,28035453
847,28035453
848,28035453
849,28035453
1222,28035453
1223,28035453
1224,28035453
1225,28035453
1226,28035453
1227,28035453
8272,28035933
8273,28035933
8274,28035933
8275,28035933
8276,28035933
8277,28035933
8278,28035933
8279,28035933
8280,28035933
8305,28035933
8306,28035933
8307,28035933
8308,28035933
8309,28035933
8310,28035933
8311,28035933
8312,28035933
8313,28035933
8314,28035933
8387,28035933
8388,28035933
8390,28035933
8391,28035933
8393,28035933
8394,28035933
8402,28035933
8408,28035933
8410,28035933
8411,28035933
8436,28035933
8492,28035933
8493,28035933
8494,28035933
8495,28035933
8496,28035933
8497,28035933
8498,28035933
8499,28035933
8500,28035933
8501,28035933
8517,28035933
164,28036395
165,28036395
166,28036395
167,28036395
168,28036395
169,28036395
170,28036395
171,28036395
172,28036395
173,28036395
174,28036395
175,28036395
176,28036395
177,28036395
178,28036395
179,28036395
180,28036395
181,28036395
182,28036395
183,28036395
184,28036395
185,28036395
186,28036395
187,28036395
188,28036395
189,28036395
473,28036395
474,28036395
476,28036395
477,28036395
478,28036395
479,28036395
480,28036395
481,28036395
482,28036395
483,28036395
484,28036395
485,28036395
486,28036395
487,28036395
488,28036395
489,28036395
493,28036395
494,28036395
605,28036395
606,28036395
607,28036395
608,28036395
609,28036395
610,28036395
611,28036395
612,28036395
613,28036395
614,28036395
643,28036395
644,28036395
645,28036395
646,28036395
647,28036395
648,28036395
649,28036395
650,28036395
746,28036395
747,28036395
748,28036395
749,28036395
750,28036395
751,28036395
752,28036395
753,28036395
754,28036395
755,28036395
756,28036395
757,28036395
760,28036395
761,28036395
762,28036395
763,28036395
822,28036395
823,28036395
946,28036395
947,28036395
950,28036395
1047,28036395
1048,28036395
1049,28036395
1050,28036395
1051,28036395
1052,28036395
1053,28036395
1054,28036395
1055,28036395
1056,28036395
1057,28036395
1058,28036395
1059,28036395
1060,28036395
1061,28036395
1062,28036395
1083,28036395
1084,28036395
1085,28036395
1086,28036395
1087,28036395
1121,28036395
1122,28036395
1167,28036395
1168,28036395
1170,28036395
1171,28036395
1172,28036395
1174,28036395
1175,28036395
1176,28036395
1177,28036395
1178,28036395
1179,28036395
1180,28036395
1181,28036395
1182,28036395
1183,28036395
1184,28036395
1185,28036395
1186,28036395
1187,28036395
1188,28036395
1189,28036395
1190,28036395
1514,28036395
1515,28036395
1516,28036395
1517,28036395
1518,28036395
1519,28036395
1520,28036395
1521,28036395
1522,28036395
1523,28036395
1524,28036395
1525,28036395
1526,28036395
1527,28036395
1528,28036395
1529,28036395
1530,28036395
1531,28036395
1532,28036395
1533,28036395
1534,28036395
1535,28036395
126,28036964
127,28036964
128,28036964
129,28036964
130,28036964
131,28036964
132,28036964
133,28036964
134,28036964
135,28036964
136,28036964
137,28036964
288,28036964
289,28036964
290,28036964
291,28036964
292,28036964
293,28036964
294,28036964
295,28036964
836,28036964
837,28036964
838,28036964
840,28036964
841,28036964
842,28036964
843,28036964
939,28036964
1159,28036964
1160,28036964
1161,28036964
1162,28036964
1163,28036964
1164,28036964
1166,28036964
190,28036972
191,28036972
192,28036972
193,28036972
194,28036972
195,28036972
196,28036972
197,28036972
198,28036972
199,28036972
296,28036972
298,28036972
300,28036972
301,28036972
373,28036972
374,28036972
375,28036972
376,28036972
377,28036972
378,28036972
714,28036972
853,28036972
854,28036972
855,28036972
879,28036972
880,28036972
881,28036972
882,28036972
883,28036972
884,28036972
1127,28036972
1342,28036972
1344,28036972
1345,28036972
1357,28036972
1359,28036972
1420,28036972
1421,28036972
1422,28036972
1423,28036972
1459,28036972
1461,28036972
1469,28036972
933,28037740
934,28037740
936,28037740
938,28037740
941,28037740
942,28037740
943,28037740
1125,28037740
1333,28037740
1334,28037740
1335,28037740
1336,28037740
1337,28037740
1338,28037740
1339,28037740
1340,28037740
1341,28037740
1460,28037740
1646,28037740
1647,28037740
1650,28037740
1429,28038231
1430,28038231
1431,28038231
1432,28038231
1433,28038231
1434,28038231
1435,28038231
1436,28038231
1438,28038231
1439,28038231
1442,28038231
1443,28038231
1449,28038231
1450,28038231
1451,28038231
1452,28038231
1453,28038231
1454,28038231
1463,28038231
1464,28038231
1467,28038231
1468,28038231
1573,28038231
1574,28038231
1597,28038231
1598,28038231
1600,28038231
1601,28038231
1602,28038231
1603,28038231
1604,28038231
1605,28038231
1606,28038231
1607,28038231
1608,28038231
1609,28038231
1610,28038231
1611,28038231
1612,28038231
1613,28038231
1614,28038231
1615,28038231
1616,28038231
1617,28038231
1618,28038231
1619,28038231
1620,28038231
1621,28038231
1622,28038231
1623,28038231
4990,28042000
4991,28042000
4992,28042000
4993,28042000
4994,28042000
4995,28042000
4996,28042000
4997,28042000
4998,28042000
4999,28042000
5000,28042000
5001,28042000
5002,28042000
5003,28042000
5004,28042000
5005,28042000
5068,28042000
5110,28042000
5111,28042000
5112,28042000
5113,28042000
5114,28042000
5115,28042000
5116,28042000
5117,28042000
5118,28042000
5119,28042000
5121,28042000
5136,28042000
5137,28042000
5138,28042000
5139,28042000
5168,28042000
5204,28042000
5205,28042000
5206,28042000
5207,28042000
5208,28042000
5210,28042000
5211,28042000
5212,28042000
5213,28042000
5215,28042000
5216,28042000
5217,28042000
5218,28042000
5219,28042000
5220,28042000
5221,28042000
5284,28042000
5286,28042000
5288,28042000
5289,28042000
5290,28042000
5291,28042000
5292,28042000
5293,28042000
5294,28042000
5295,28042000
5296,28042000
5305,28042000
5306,28042000
5307,28042000
5308,28042000
5309,28042000
5378,28042000
5379,28042000
5380,28042000
5381,28042000
5382,28042000
5383,28042000
5384,28042000
5385,28042000
5386,28042000
5387,28042000
5388,28042000
5389,28042000
5391,28042000
5392,28042000
5412,28042000
5413,28042000
5479,28042000
5480,28042000
5505,28042000
5536,28042000
5537,28042000
5538,28042000
5551,28042000
5552,28042000
5553,28042000
5554,28042000
5606,28042000
5627,28042000
5628,28042000
5629,28042000
5630,28042000
5631,28042000
5632,28042000
5633,28042000
5634,28042000
5635,28042000
5636,28042000
5637,28042000
5823,28042000
6220,28042000
6221,28042000
6222,28042000
6223,28042000
6224,28042000
6225,28042000
6226,28042000
6227,28042000
6228,28042000
6229,28042000
6230,28042000
6231,28042000
6232,28042000
6233,28042000
6291,28042000
6294,28042000
6295,28042000
6296,28042000
6297,28042000
6298,28042000
6299,28042000
6300,28042000
6301,28042000
6302,28042000
6303,28042000
6394,28042000
6456,28042000
6457,28042000
6458,28042000
6459,28042000
685,28048407
860,28048407
922,28048407
923,28048407
924,28048407
1238,28048407
1239,28048407
1240,28048407
1241,28048407
1242,28048407
878,28070402
885,28070402
886,28070402
887,28070402
900,28070402
902,28070402
903,28070402
908,28070402
920,28070402
922,28070402
923,28070402
924,28070402
925,28070402
926,28070402
1041,28070402
1042,28070402
1043,28070402
1045,28070402
1046,28070402
1075,28070402
1132,28070402
1135,28070402
1167,28070402
1172,28070402
1173,28070402
1174,28070402
812,28071425
813,28071425
814,28071425
815,28071425
816,28071425
817,28071425
818,28071425
819,28071425
820,28071425
821,28071425
912,28071425
916,28071425
917,28071425
919,28071425
920,28071425
1254,28071425
1255,28071425
1256,28071425
1257,28071425
1258,28071425
1259,28071425
1260,28071425
1261,28071425
1262,28071425
1270,28071425
426,28113403
430,28113403
431,28113403
523,28113403
529,28113403
530,28113403
560,28113403
150,31085952
129,31271420
131,31271420
161,31273341
168,31273341
140,31327859
141,31327859
144,31327859
205,31378577
183,31382221
212,31382221
213,31382221
297,32004290
299,32004290
303,32004290
510,32059582
930,32059582
940,32059582
1471,32059582
1472,32059582
1473,32059582
1134,32059590
1135,32059590
1136,32059590
1536,32059590
1537,32059590
1538,32059590
379,32059639
1769,32059639
1770,32059639
1771,32059639
1772,32059639
1773,32059639
1774,32059639
1775,32059639
1776,32059639
1777,32059639
1778,32059639
1779,32059639
1176,32059647
1611,32059647
644,32059663
1177,32059663
1178,32059663
1474,32059663
1475,32059663
387,32059671
1155,32059671
1156,32059671
1539,32059671
1540,32059671
1168,32059744
1169,32059744
1170,32059744
1685,32059744
1686,32059744
1687,32059744
1075,32059752
1077,32059752
1186,32059752
1290,32059752
1499,32059752
1500,32059752
1501,32059752
1502,32059752
1503,32059752
1504,32059752
1505,32059752
1506,32059752
1507,32059752
1508,32059752
1509,32059752
1510,32059752
1511,32059752
1512,32059752
1614,32059752
1183,32059787
1184,32059787
1185,32059787
1703,32059787
1704,32059787
1705,32059787
1188,32059795
1189,32059795
1609,32059795
1610,32059795
1174,32059809
1612,32059809
173,32059833
719,32059833
721,32059833
722,32059833
723,32059833
724,32059833
728,32059833
729,32059833
730,32059833
731,32059833
732,32059833
733,32059833
734,32059833
735,32059833
736,32059833
737,32059833
738,32059833
740,32059833
741,32059833
742,32059833
743,32059833
744,32059833
745,32059833
942,32059833
1144,32059833
1220,32059833
1221,32059833
1222,32059833
1223,32059833
1224,32059833
1225,32059833
1226,32059833
1227,32059833
1228,32059833
1229,32059833
1230,32059833
1231,32059833
1232,32059833
1233,32059833
1234,32059833
1235,32059833
1236,32059833
1237,32059833
1238,32059833
1239,32059833
1240,32059833
1241,32059833
1242,32059833
1243,32059833
1244,32059833
1245,32059833
1246,32059833
1247,32059833
1248,32059833
1249,32059833
1250,32059833
1251,32059833
1781,32059833
1782,32059833
1783,32059833
1807,32059833
943,32059930
1038,32059930
1039,32059930
1040,32059930
1041,32059930
1042,32059930
1128,32059930
1129,32059930
1132,32059930
1133,32059930
1140,32059930
1146,32059930
1161,32059930
1201,32059930
1202,32059930
1203,32059930
1204,32059930
1205,32059930
1206,32059930
1207,32059930
1208,32059930
1252,32059930
1253,32059930
1254,32059930
1256,32059930
1257,32059930
1258,32059930
1259,32059930
1261,32059930
1262,32059930
1263,32059930
1264,32059930
1266,32059930
1267,32059930
1268,32059930
1269,32059930
1270,32059930
1271,32059930
1272,32059930
1273,32059930
1275,32059930
1276,32059930
1277,32059930
1278,32059930
1279,32059930
1280,32059930
1281,32059930
1282,32059930
1283,32059930
1284,32059930
1285,32059930
1286,32059930
1287,32059930
1288,32059930
1289,32059930
1328,32059930
1329,32059930
1419,32059930
1420,32059930
1421,32059930
1422,32059930
1423,32059930
1424,32059930
1425,32059930
1426,32059930
1688,32059930
1750,32059930
1751,32059930
1797,32059930
1798,32059930
1799,32059930
1800,32059930
1803,32059930
1804,32059930
1805,32059930
1806,32059930
1149,32060114
1150,32060114
1531,32060114
1532,32060114
1182,32060246
1608,32060246
1187,32060254
1606,32060254
1447,32060386
1459,32060386
1460,32060386
1461,32060386
1462,32060386
1463,32060386
1464,32060386
1465,32060386
1466,32060386
1513,32060475
1514,32060475
1515,32060475
1516,32060475
399,32060483
436,32060483
804,32060483
805,32060483
810,32060483
812,32060483
813,32060483
814,32060483
815,32060483
816,32060483
817,32060483
818,32060483
819,32060483
859,32060483
860,32060483
863,32060483
877,32060483
949,32060483
951,32060483
952,32060483
953,32060483
1195,32060483
1196,32060483
1197,32060483
1198,32060483
1199,32060483
1347,32060483
1348,32060483
1349,32060483
1350,32060483
1351,32060483
1352,32060483
1353,32060483
1354,32060483
1355,32060483
1356,32060483
1357,32060483
1358,32060483
1359,32060483
1360,32060483
1361,32060483
1362,32060483
1363,32060483
1364,32060483
1365,32060483
1366,32060483
1367,32060483
1368,32060483
1369,32060483
1370,32060483
1371,32060483
1372,32060483
1373,32060483
1374,32060483
1375,32060483
1376,32060483
1377,32060483
1378,32060483
1379,32060483
1380,32060483
1381,32060483
1382,32060483
1383,32060483
1384,32060483
1385,32060483
1601,32060483
1682,32060483
1683,32060483
1684,32060483
1764,32060483
1765,32060483
1788,32060483
1789,32060483
1790,32060483
1791,32060483
1792,32060483
1793,32060483
1794,32060483
1795,32060483
1796,32060483
1098,32060491
1100,32060491
1104,32060491
1105,32060491
1106,32060491
1107,32060491
1108,32060491
1109,32060491
1110,32060491
1111,32060491
1112,32060491
1331,32060491
1332,32060491
1333,32060491
1334,32060491
1335,32060491
1336,32060491
1337,32060491
1338,32060491
1339,32060491
1340,32060491
1341,32060491
652,32060521
653,32060521
654,32060521
655,32060521
656,32060521
657,32060521
658,32060521
659,32060521
660,32060521
699,32060521
704,32060521
761,32060521
927,32060521
936,32060521
1089,32060521
1092,32060521
1125,32060521
1306,32060521
1330,32060521
1449,32060521
1450,32060521
1451,32060521
1480,32060521
1481,32060521
1482,32060521
1483,32060521
669,32060530
670,32060530
671,32060530
680,32060530
681,32060530
851,32060530
1521,32060530
1522,32060530
1523,32060530
1524,32060530
1525,32060530
1526,32060530
1527,32060530
1528,32060530
1529,32060530
1530,32060530
1607,32060530
1179,32060610
1180,32060610
1181,32060610
1518,32060610
1519,32060610
1520,32060610
1785,32060610
682,32060661
1190,32060661
1191,32060661
1192,32060661
1193,32060661
1194,32060661
1615,32060661
1697,32060661
1699,32060661
1700,32060661
1780,32060661
1171,32060670
1172,32060670
1173,32060670
1708,32060670
1709,32060670
1710,32060670
839,32060688
840,32060688
857,32060688
931,32060688
1749,32060688
1752,32060688
1753,32060688
1754,32060688
1755,32060688
1756,32060688
1757,32060688
1758,32060688
1759,32060688
1760,32060688
1761,32060688
1763,32060688
1766,32060688
685,32060700
1342,32060700
1343,32060700
1344,32060700
1345,32060700
1346,32060700
1605,32060700
599,32060777
600,32060777
601,32060777
868,32060777
875,32060777
876,32060777
878,32060777
1541,32060777
1542,32060777
1547,32060777
1556,32060777
1557,32060777
1564,32060777
1576,32060777
1579,32060777
1584,32060777
1587,32060777
1588,32060777
1591,32060777
1767,32060777
1768,32060777
623,32065744
800,32065744
801,32065744
802,32065744
803,32065744
806,32065744
807,32065744
808,32065744
809,32065744
811,32065744
908,32065744
909,32065744
910,32065744
911,32065744
912,32065744
1427,32065744
1428,32065744
1429,32065744
1430,32065744
1431,32065744
1432,32065744
1433,32065744
1434,32065744
1435,32065744
1436,32065744
1437,32065744
1438,32065744
1439,32065744
1440,32065744
1441,32065744
297,32065752
299,32065752
303,32065752
758,32065752
759,32065752
1044,32065752
1091,32065752
1093,32065752
1094,32065752
1095,32065752
1096,32065752
1097,32065752
1126,32065752
1127,32065752
1130,32065752
1131,32065752
1137,32065752
1139,32065752
1147,32065752
1399,32065752
1400,32065752
1627,32065752
1630,32065752
1631,32065752
1632,32065752
1633,32065752
1634,32065752
1635,32065752
1636,32065752
1637,32065752
1638,32065752
1640,32065752
1641,32065752
1643,32065752
1644,32065752
1645,32065752
1646,32065752
1647,32065752
1648,32065752
1649,32065752
1650,32065752
1651,32065752
1652,32065752
1729,32065752
1730,32065752
1731,32065752
1732,32065752
1733,32065752
1734,32065752
1735,32065752
1736,32065752
1737,32065752
1738,32065752
1762,32065752
709,32069332
715,32069332
716,32069332
717,32069332
718,32069332
945,32069332
1387,32069332
1388,32069332
1389,32069332
1390,32069332
1391,32069332
1392,32069332
1393,32069332
1394,32069332
1395,32069332
1396,32069332
1397,32069332
824,32069340
826,32069340
1401,32069340
1402,32069340
1403,32069340
1404,32069340
1405,32069340
1406,32069340
529,32069731
544,32069731
551,32069731
960,32069731
961,32069731
966,32069731
969,32069731
970,32069731
1294,32069731
1295,32069731
1297,32069731
1298,32069731
1299,32069731
1300,32069731
1302,32069731
1303,32069731
1304,32069731
1305,32069731
1308,32069731
1318,32069731
1327,32069731
1596,32069731
1598,32069731
501,32079419
502,32079419
503,32079419
1162,32079419
1163,32079419
1164,32079419
1165,32079419
1166,32079419
1495,32079419
1496,32079419
1497,32079419
1498,32079419
572,32081103
1113,32081103
1114,32081103
1115,32081103
1118,32081103
1119,32081103
1120,32081103
1121,32081103
1122,32081103
1123,32081103
1124,32081103
1398,32081103
1740,32081103
1741,32081103
1742,32081103
1743,32081103
1744,32081103
1746,32081103
1747,32081103
1748,32081103
463,32081111
886,32081111
887,32081111
1689,32081111
1690,32081111
1691,32081111
1692,32081111
1693,32081111
1694,32081111
1695,32081111
1696,32081111
1157,32081120
1158,32081120
1159,32081120
1160,32081120
1467,32081120
1468,32081120
1469,32081120
1470,32081120
1151,32081987
1152,32081987
1153,32081987
1154,32081987
1657,32081987
1658,32081987
1679,32081987
1680,32081987
937,32082576
948,32082576
1043,32082576
1167,32082576
1407,32082576
1408,32082576
1409,32082576
1410,32082576
1411,32082576
1412,32082576
1413,32082576
1414,32082576
1415,32082576
1416,32082576
1417,32082576
689,32083319
924,32083319
926,32083319
1616,32083319
1617,32083319
1618,32083319
1619,32083319
1620,32083319
1621,32083319
1622,32083319
1623,32083319
1624,32083319
1625,32083319
1786,32083319
900,32083327
902,32083327
903,32083327
916,32083327
917,32083327
919,32083327
920,32083327
922,32083327
932,32083327
1660,32083327
1661,32083327
1662,32083327
1663,32083327
1664,32083327
1665,32083327
1666,32083327
1667,32083327
1668,32083327
1669,32083327
1670,32083327
1671,32083327
1672,32083327
1673,32083327
1674,32083327
1675,32083327
1676,32083327
1677,32083327
923,32099010
925,32099010
928,32099010
935,32099010
1443,32099010
1491,32099010
1492,32099010
1493,32099010
1494,32099010
885,32099410
1213,32099410
1214,32099410
1215,32099410
1216,32099410
1217,32099410
1218,32099410
1476,32132000
1477,32132000
1478,32132000
1479,32132000
1038,33013500
1039,33013500
1040,33013500
1041,33013500
1042,33013500
1043,33013500
1044,33013500
1045,33013500
1392,33013500
1393,33013500
1394,33013500
1395,33013500
1396,33013500
1397,33013500
1398,33013500
1399,33013500
1400,33013500
1401,33013500
1402,33013500
1403,33013500
1404,33013500
1405,33013500
1516,33013500
2730,33013500
2731,33013500
2732,33013500
2733,33013500
2734,33013500
2735,33013500
2736,33013500
2737,33013500
2738,33013500
2739,33013500
2740,33013500
2741,33013500
2742,33013500
2743,33013500
3297,33013500
3298,33013500
3299,33013500
3412,33013500
3413,33013500
3414,33013500
3422,33013500
3423,33013500
3424,33013500
3425,33013500
3426,33013500
3427,33013500
3428,33013500
758,33013578
759,33013578
761,33013578
1678,33013578
1740,33013578
1741,33013578
1742,33013578
1743,33013578
1744,33013578
1745,33013578
1746,33013578
1747,33013578
1748,33013578
1749,33013578
1750,33013578
1751,33013578
1752,33013578
1753,33013578
1754,33013578
1755,33013578
1756,33013578
1757,33013578
1758,33013578
1759,33013578
1760,33013578
1761,33013578
1762,33013578
1763,33013578
1764,33013578
1765,33013578
1766,33013578
1767,33013578
1768,33013578
1769,33013578
1785,33013578
1798,33013578
1846,33013578
2762,33013578
2763,33013578
2764,33013578
2765,33013578
2766,33013578
2767,33013578
2768,33013578
2769,33013578
2770,33013578
2772,33013578
2773,33013578
2774,33013578
2775,33013578
2776,33013578
2777,33013578
2778,33013578
2779,33013578
2780,33013578
2781,33013578
2782,33013578
2783,33013578
2784,33013578
2785,33013578
2787,33013578
2828,33013578
2829,33013578
2830,33013578
2886,33013578
2887,33013578
2888,33013578
2889,33013578
1223,33013586
1224,33013586
1225,33013586
1226,33013586
2173,33013586
2174,33013586
2175,33013586
2176,33013586
2549,33013586
2598,33013586
2752,33013586
2807,33013586
2869,33013586
2870,33013586
2871,33013586
2872,33013586
2989,33013586
2990,33013586
3011,33013586
3012,33013586
3021,33013586
3023,33013586
3025,33013586
3026,33013586
863,33013608
868,33013608
875,33013608
876,33013608
877,33013608
878,33013608
885,33013608
886,33013608
1415,33013608
1416,33013608
1417,33013608
1418,33013608
1419,33013608
1420,33013608
1421,33013608
1422,33013608
1423,33013608
1424,33013608
1425,33013608
1426,33013608
1427,33013608
1428,33013608
1429,33013608
1430,33013608
1431,33013608
1432,33013608
1433,33013608
1434,33013608
1435,33013608
1436,33013608
1991,33013608
2102,33013608
2103,33013608
2104,33013608
2105,33013608
2315,33013608
2385,33013608
2439,33013608
2440,33013608
2441,33013608
2442,33013608
2443,33013608
2444,33013608
2445,33013608
2446,33013608
2447,33013608
2448,33013608
2449,33013608
2450,33013608
2451,33013608
2452,33013608
2453,33013608
2454,33013608
2455,33013608
2488,33013608
2509,33013608
2891,33013608
2892,33013608
2893,33013608
2894,33013608
2965,33013608
2966,33013608
2967,33013608
2968,33013608
2969,33013608
2970,33013608
2971,33013608
2972,33013608
2973,33013608
2974,33013608
2975,33013608
2976,33013608
2977,33013608
2978,33013608
2979,33013608
2980,33013608
2981,33013608
2982,33013608
2983,33013608
2984,33013608
2985,33013608
2986,33013608
2987,33013608
2988,33013608
3102,33013608
3105,33013608
1154,33013705
1155,33013705
1156,33013705
1157,33013705
1158,33013705
1159,33013705
1160,33013705
1161,33013705
1162,33013705
1163,33013705
1770,33013705
1771,33013705
1773,33013705
1774,33013705
1775,33013705
1776,33013705
1778,33013705
1824,33013705
1856,33013705
1857,33013705
2183,33013705
2184,33013705
2185,33013705
2186,33013705
2187,33013705
2188,33013705
2189,33013705
2190,33013705
2192,33013705
3137,33013705
3138,33013705
3139,33013705
3140,33013705
3142,33013705
3143,33013705
3144,33013705
3145,33013705
3146,33013705
887,33013713
1888,33013713
1889,33013713
1890,33013713
1895,33013713
1906,33013713
1928,33013713
1931,33013713
2180,33013713
2181,33013713
2182,33013713
3276,33013713
3277,33013713
3288,33013713
3290,33013713
1227,33013721
1228,33013721
1229,33013721
1230,33013721
1231,33013721
1232,33013721
1233,33013721
1234,33013721
1235,33013721
1236,33013721
1896,33013721
1897,33013721
1898,33013721
1899,33013721
1900,33013721
1901,33013721
1902,33013721
1903,33013721
1904,33013721
2277,33013721
2281,33013721
2283,33013721
2284,33013721
2285,33013721
2475,33013721
2633,33013721
2634,33013721
2635,33013721
3278,33013721
3279,33013721
3280,33013721
3281,33013721
3282,33013721
3283,33013721
3284,33013721
3285,33013721
3286,33013721
1248,33013748
1249,33013748
1250,33013748
1251,33013748
1252,33013748
1253,33013748
1254,33013748
1255,33013748
1256,33013748
1257,33013748
1258,33013748
1259,33013748
1260,33013748
1261,33013748
1262,33013748
1263,33013748
1264,33013748
1265,33013748
1266,33013748
1267,33013748
1268,33013748
1269,33013748
1270,33013748
1271,33013748
1272,33013748
1273,33013748
1274,33013748
1275,33013748
1276,33013748
1277,33013748
1278,33013748
1279,33013748
1280,33013748
1281,33013748
1282,33013748
1283,33013748
1284,33013748
1285,33013748
1286,33013748
1287,33013748
1288,33013748
1289,33013748
1290,33013748
1291,33013748
1609,33013748
1637,33013748
1638,33013748
1640,33013748
1641,33013748
1642,33013748
1643,33013748
1644,33013748
1645,33013748
1646,33013748
1647,33013748
1648,33013748
1649,33013748
1650,33013748
1651,33013748
1652,33013748
1654,33013748
1655,33013748
1656,33013748
1657,33013748
1658,33013748
1659,33013748
1660,33013748
1661,33013748
1662,33013748
1663,33013748
1664,33013748
1665,33013748
1666,33013748
1667,33013748
1668,33013748
1669,33013748
1670,33013748
1671,33013748
1672,33013748
1673,33013748
1958,33013748
1968,33013748
2515,33013748
2516,33013748
2517,33013748
2518,33013748
2519,33013748
2520,33013748
2521,33013748
2522,33013748
2523,33013748
2524,33013748
2525,33013748
2526,33013748
2527,33013748
2528,33013748
2529,33013748
2530,33013748
2531,33013748
2532,33013748
2533,33013748
2534,33013748
2535,33013748
2536,33013748
2537,33013748
2538,33013748
2539,33013748
2540,33013748
2541,33013748
2542,33013748
2543,33013748
2544,33013748
2545,33013748
2546,33013748
2547,33013748
2599,33013748
2682,33013748
2922,33013748
2923,33013748
3219,33013748
3220,33013748
3221,33013748
3222,33013748
3223,33013748
3224,33013748
3225,33013748
3226,33013748
3227,33013748
3228,33013748
3229,33013748
3230,33013748
3231,33013748
3232,33013748
3233,33013748
3234,33013748
3235,33013748
3236,33013748
3237,33013748
3238,33013748
3239,33013748
3240,33013748
3243,33013748
3244,33013748
3245,33013748
3246,33013748
3247,33013748
3248,33013748
3249,33013748
3250,33013748
3251,33013748
3252,33013748
3253,33013748
3254,33013748
1292,33013756
1293,33013756
1294,33013756
1295,33013756
1296,33013756
1297,33013756
1298,33013756
1299,33013756
1300,33013756
1301,33013756
1302,33013756
1303,33013756
1304,33013756
1305,33013756
1306,33013756
1307,33013756
1308,33013756
1309,33013756
1310,33013756
1311,33013756
1312,33013756
1313,33013756
1314,33013756
1315,33013756
1316,33013756
1317,33013756
1582,33013756
1583,33013756
1584,33013756
1585,33013756
1588,33013756
1589,33013756
1590,33013756
1591,33013756
1592,33013756
1593,33013756
1594,33013756
1595,33013756
1596,33013756
1597,33013756
1598,33013756
1599,33013756
1600,33013756
1601,33013756
1602,33013756
1603,33013756
1604,33013756
1605,33013756
1606,33013756
1684,33013756
1685,33013756
1686,33013756
1983,33013756
2289,33013756
2290,33013756
2291,33013756
2292,33013756
2293,33013756
2294,33013756
2295,33013756
2296,33013756
2297,33013756
2298,33013756
2299,33013756
2300,33013756
2301,33013756
2314,33013756
2550,33013756
2551,33013756
2758,33013756
2890,33013756
2897,33013756
2905,33013756
2906,33013756
2907,33013756
2908,33013756
2909,33013756
2910,33013756
2911,33013756
2912,33013756
2913,33013756
2914,33013756
2915,33013756
2917,33013756
2918,33013756
2919,33013756
2920,33013756
3201,33013756
3202,33013756
3203,33013756
3204,33013756
3205,33013756
3206,33013756
3207,33013756
3208,33013756
3209,33013756
3210,33013756
3211,33013756
3212,33013756
3213,33013756
3214,33013756
3402,33013756
3403,33013756
3404,33013756
3405,33013756
3406,33013756
3407,33013756
3408,33013756
3409,33013756
3410,33013756
1164,33013764
1165,33013764
1166,33013764
1167,33013764
1168,33013764
2097,33013764
2098,33013764
2099,33013764
2100,33013764
2101,33013764
2863,33013764
2865,33013764
2866,33013764
2867,33013764
2868,33013764
2877,33013764
2878,33013764
3370,33013764
3371,33013764
3372,33013764
3373,33013764
3374,33013764
1237,33013934
1238,33013934
1239,33013934
1240,33013934
1241,33013934
1242,33013934
1243,33013934
1244,33013934
1245,33013934
1246,33013934
1247,33013934
2046,33013934
2047,33013934
2048,33013934
2049,33013934
2051,33013934
2052,33013934
2053,33013934
2054,33013934
2133,33013934
2134,33013934
2135,33013934
2216,33013934
2217,33013934
2218,33013934
2219,33013934
2220,33013934
2221,33013934
2222,33013934
2224,33013934
2805,33013934
3165,33013934
3166,33013934
3167,33013934
3168,33013934
3169,33013934
3170,33013934
3171,33013934
3172,33013934
3173,33013934
1169,33014540
1170,33014540
1171,33014540
1172,33014540
1173,33014540
1175,33014540
1176,33014540
1178,33014540
1180,33014540
1472,33014540
1477,33014540
1480,33014540
1540,33014540
2059,33014540
2060,33014540
2062,33014540
2063,33014540
2065,33014540
2066,33014540
2225,33014540
2226,33014540
2227,33014540
2228,33014540
2229,33014540
2230,33014540
2231,33014540
2232,33014540
2233,33014540
2477,33014540
3376,33014540
3388,33014540
3390,33014540
3391,33014540
3392,33014540
3393,33014540
3395,33014540
3396,33014540
3397,33014540
1181,33014582
1182,33014582
1183,33014582
1184,33014582
1185,33014582
1186,33014582
1506,33014582
1507,33014582
1508,33014582
1509,33014582
1510,33014582
1825,33014582
2502,33014582
2503,33014582
2504,33014582
2505,33014582
2508,33014582
3157,33014582
3158,33014582
3159,33014582
3160,33014582
3162,33014582
1046,33014590
1445,33014590
1446,33014590
1447,33014590
1783,33014590
1784,33014590
1859,33014590
2045,33014590
2654,33014590
2753,33014590
2754,33014590
2760,33014590
2786,33014590
2788,33014590
2789,33014590
2835,33014590
3291,33014590
3292,33014590
3303,33014590
3305,33014590
3306,33014590
3307,33014590
3308,33014590
1063,33014639
1075,33014639
1077,33014639
1574,33014639
1579,33014639
1607,33014639
1613,33014639
1615,33014639
1619,33014639
1620,33014639
1621,33014639
1863,33014639
1864,33014639
1865,33014639
1866,33014639
1867,33014639
1868,33014639
1869,33014639
1891,33014639
1892,33014639
1893,33014639
1894,33014639
2811,33014639
2814,33014639
2816,33014639
2821,33014639
2822,33014639
2823,33014639
2824,33014639
2825,33014639
2826,33014639
2827,33014639
2854,33014639
2855,33014639
2856,33014639
2857,33014639
2858,33014639
2859,33014639
2860,33014639
2862,33014639
2873,33014639
2874,33014639
2875,33014639
2876,33014639
2898,33014639
2899,33014639
2900,33014639
2901,33014639
2902,33014639
2903,33014639
2904,33014639
2924,33014639
3134,33014639
3135,33014639
3136,33014639
3256,33014639
3257,33014639
3258,33014639
3259,33014639
3260,33014639
3261,33014639
3262,33014639
3263,33014639
3264,33014639
3265,33014639
3266,33014639
3267,33014639
3268,33014639
3269,33014639
3270,33014639
3271,33014639
3272,33014639
3273,33014639
3274,33014639
3275,33014639
3469,33014639
1318,33014647
1319,33014647
1320,33014647
1572,33014647
1573,33014647
1576,33014647
1577,33014647
1578,33014647
1610,33014647
1611,33014647
1612,33014647
1616,33014647
1617,33014647
2136,33014647
2288,33014647
2655,33014647
2656,33014647
2657,33014647
2658,33014647
2659,33014647
2660,33014647
2664,33014647
2840,33014647
2841,33014647
2842,33014647
2843,33014647
2844,33014647
2896,33014647
3356,33014647
3357,33014647
3358,33014647
3359,33014647
3360,33014647
3361,33014647
3362,33014647
3363,33014647
3364,33014647
3365,33014647
3366,33014647
3411,33014647
1410,33014655
1412,33014655
1413,33014655
1414,33014655
1858,33014655
1961,33014655
2139,33014655
2140,33014655
2141,33014655
2688,33014655
2689,33014655
3429,33014655
3430,33014655
3431,33014655
3432,33014655
3433,33014655
1089,33014663
1091,33014663
1092,33014663
1093,33014663
1094,33014663
1095,33014663
1096,33014663
1097,33014663
1098,33014663
1099,33014663
1100,33014663
1871,33014663
1872,33014663
1873,33014663
1875,33014663
1877,33014663
1878,33014663
1879,33014663
1880,33014663
1881,33014663
1883,33014663
1885,33014663
1887,33014663
2602,33014663
2610,33014663
2611,33014663
2612,33014663
2613,33014663
2614,33014663
2615,33014663
2616,33014663
2617,33014663
2618,33014663
2619,33014663
2851,33014663
2852,33014663
3378,33014663
3379,33014663
3380,33014663
3381,33014663
3382,33014663
3383,33014663
3384,33014663
3385,33014663
3386,33014663
3387,33014663
3398,33014663
3399,33014663
3400,33014663
3401,33014663
1187,33014680
1188,33014680
1189,33014680
1190,33014680
1191,33014680
1192,33014680
1193,33014680
1194,33014680
1195,33014680
1196,33014680
1197,33014680
1198,33014680
1437,33014680
1438,33014680
1439,33014680
1440,33014680
1441,33014680
1442,33014680
1443,33014680
1444,33014680
1974,33014680
2480,33014680
2481,33014680
2482,33014680
2483,33014680
2484,33014680
2485,33014680
2486,33014680
2487,33014680
3327,33014680
3331,33014680
3334,33014680
3336,33014680
3337,33014680
3338,33014680
3340,33014680
3341,33014680
1367,33014698
1368,33014698
1369,33014698
1370,33014698
1371,33014698
1372,33014698
1373,33014698
1374,33014698
1375,33014698
1376,33014698
1377,33014698
1378,33014698
1379,33014698
1731,33014698
1944,33014698
1945,33014698
1946,33014698
1947,33014698
1950,33014698
1951,33014698
1952,33014698
1953,33014698
1954,33014698
1955,33014698
1956,33014698
2456,33014698
2457,33014698
2459,33014698
2460,33014698
2461,33014698
2462,33014698
2463,33014698
2464,33014698
2465,33014698
2466,33014698
2468,33014698
2474,33014698
3454,33014698
3455,33014698
3456,33014698
3457,33014698
3458,33014698
3459,33014698
3460,33014698
3461,33014698
3464,33014698
3465,33014698
3466,33014698
3468,33014698
1936,33014710
1937,33014710
1938,33014710
1939,33014710
1940,33014710
1941,33014710
1942,33014710
1964,33014710
1971,33014710
2584,33014710
2585,33014710
2586,33014710
2587,33014710
2588,33014710
2590,33014710
2591,33014710
2592,33014710
2951,33014710
3098,33014710
3106,33014710
3107,33014710
3108,33014710
3118,33014710
3148,33014710
3149,33014710
3255,33014710
3352,33014710
1101,33014728
1102,33014728
1103,33014728
1104,33014728
1105,33014728
1733,33014728
1734,33014728
1735,33014728
1736,33014728
1737,33014728
2106,33014728
2109,33014728
2112,33014728
2256,33014728
2279,33014728
2280,33014728
2836,33014728
2837,33014728
2838,33014728
3013,33014728
3014,33014728
3015,33014728
3016,33014728
3017,33014728
3018,33014728
3019,33014728
3217,33014728
723,33027846
1096,33027846
1097,33027846
1099,33027846
1100,33027846
1119,33027846
1140,33027846
1219,33027846
1233,33027846
1234,33027846
1256,33027846
1257,33027846
1268,33027846
1345,33027846
1381,33027846
1382,33027846
1383,33027846
1400,33027846
1419,33027846
1420,33027846
1451,33027846
1452,33027846
1454,33027846
1455,33027846
1471,33027846
1472,33027846
1481,33027846
1491,33027846
1492,33027846
1493,33027846
1553,33027846
1554,33027846
1577,33027846
1578,33027846
1596,33027846
1597,33027846
1613,33027846
1614,33027846
1647,33027846
1648,33027846
1675,33027846
1676,33027846
1687,33027846
1721,33027846
1722,33027846
1723,33027846
1751,33027846
1778,33027846
1779,33027846
2203,33027846
2204,33027846
2205,33027846
2206,33027846
2207,33027846
2208,33027846
2209,33027846
2210,33027846
2211,33027846
2212,33027846
2213,33027846
2214,33027846
2215,33027846
2216,33027846
2217,33027846
2218,33027846
2219,33027846
2220,33027846
2221,33027846
2222,33027846
2558,33027846
2559,33027846
2560,33027846
2563,33027846
2564,33027846
2565,33027846
2566,33027846
2567,33027846
2568,33027846
2570,33027846
2571,33027846
2572,33027846
2573,33027846
2574,33027846
2575,33027846
2576,33027846
2577,33027846
2578,33027846
2933,33027846
2934,33027846
3659,33027846
3660,33027846
3661,33027846
3662,33027846
3663,33027846
3664,33027846
3665,33027846
3666,33027846
3667,33027846
3668,33027846
3669,33027846
3670,33027846
3671,33027846
3672,33027846
3673,33027846
3674,33027846
3675,33027846
3676,33027846
3677,33027846
3678,33027846
600,33027854
601,33027854
729,33027854
730,33027854
826,33027854
860,33027854
920,33027854
926,33027854
942,33027854
1181,33027854
1182,33027854
1183,33027854
1206,33027854
1207,33027854
1227,33027854
1228,33027854
1249,33027854
1250,33027854
1251,33027854
1252,33027854
1265,33027854
1291,33027854
1292,33027854
1311,33027854
1312,33027854
1313,33027854
1322,33027854
1346,33027854
1351,33027854
1371,33027854
1406,33027854
1407,33027854
1465,33027854
1485,33027854
1505,33027854
1512,33027854
1519,33027854
1520,33027854
1547,33027854
1560,33027854
1590,33027854
1591,33027854
1607,33027854
1608,33027854
1609,33027854
1643,33027854
1655,33027854
1656,33027854
1670,33027854
1684,33027854
1685,33027854
1690,33027854
1704,33027854
1730,33027854
1731,33027854
1785,33027854
2117,33027854
2119,33027854
2121,33027854
2122,33027854
2123,33027854
2124,33027854
2125,33027854
2126,33027854
2128,33027854
2129,33027854
2130,33027854
2131,33027854
2134,33027854
2224,33027854
2518,33027854
2519,33027854
2520,33027854
2521,33027854
2522,33027854
2523,33027854
2524,33027854
2525,33027854
2526,33027854
2527,33027854
2528,33027854
2529,33027854
3100,33027854
3133,33027854
3136,33027854
3137,33027854
3138,33027854
3139,33027854
3140,33027854
3141,33027854
3142,33027854
3143,33027854
660,33027862
735,33027862
736,33027862
1163,33027862
1172,33027862
1173,33027862
1208,33027862
1244,33027862
1297,33027862
1408,33027862
1437,33027862
1546,33027862
1575,33027862
1718,33027862
1747,33027862
1769,33027862
1916,33027862
1917,33027862
1918,33027862
1919,33027862
1920,33027862
1921,33027862
1922,33027862
2468,33027862
2469,33027862
2470,33027862
2471,33027862
2472,33027862
2473,33027862
2474,33027862
3169,33027862
3171,33027862
3172,33027862
3173,33027862
3174,33027862
3175,33027862
3191,33027862
501,33027870
1089,33027870
1091,33027870
1103,33027870
1104,33027870
1105,33027870
1111,33027870
1112,33027870
1122,33027870
1123,33027870
1177,33027870
1199,33027870
1200,33027870
1214,33027870
1215,33027870
1218,33027870
1247,33027870
1248,33027870
1287,33027870
1288,33027870
1289,33027870
1290,33027870
1302,33027870
1304,33027870
1305,33027870
1320,33027870
1321,33027870
1338,33027870
1343,33027870
1344,33027870
1360,33027870
1361,33027870
1362,33027870
1363,33027870
1377,33027870
1378,33027870
1397,33027870
1399,33027870
1414,33027870
1415,33027870
1431,33027870
1445,33027870
1446,33027870
1510,33027870
1511,33027870
1529,33027870
1534,33027870
1564,33027870
1586,33027870
1587,33027870
1588,33027870
1589,33027870
1661,33027870
1662,33027870
1698,33027870
2146,33027870
2147,33027870
2179,33027870
2180,33027870
2181,33027870
2182,33027870
2183,33027870
2184,33027870
2185,33027870
2186,33027870
2187,33027870
2188,33027870
2189,33027870
2190,33027870
2191,33027870
2192,33027870
2193,33027870
2194,33027870
2195,33027870
2196,33027870
2197,33027870
2198,33027870
2866,33027870
2867,33027870
2868,33027870
2869,33027870
2870,33027870
2871,33027870
2872,33027870
2873,33027870
2874,33027870
2875,33027870
2876,33027870
2877,33027870
2878,33027870
2879,33027870
2880,33027870
2881,33027870
2882,33027870
2883,33027870
2884,33027870
2885,33027870
2886,33027870
2935,33027870
3247,33027870
3248,33027870
3249,33027870
3250,33027870
3251,33027870
3252,33027870
3253,33027870
3254,33027870
3255,33027870
3256,33027870
3257,33027870
3258,33027870
3259,33027870
3260,33027870
3261,33027870
3262,33027870
3263,33027870
3264,33027870
3265,33027870
3266,33027870
3267,33027870
3268,33027870
3324,33027870
436,33027889
728,33027889
857,33027889
938,33027889
940,33027889
967,33027889
968,33027889
969,33027889
1113,33027889
1114,33027889
1124,33027889
1125,33027889
1126,33027889
1141,33027889
1142,33027889
1179,33027889
1180,33027889
1211,33027889
1212,33027889
1235,33027889
1258,33027889
1259,33027889
1269,33027889
1270,33027889
1316,33027889
1317,33027889
1356,33027889
1357,33027889
1374,33027889
1410,33027889
1418,33027889
1441,33027889
1442,33027889
1473,33027889
1474,33027889
1494,33027889
1495,33027889
1523,33027889
1524,33027889
1525,33027889
1539,33027889
1558,33027889
1559,33027889
1584,33027889
1598,33027889
1599,33027889
1615,33027889
1616,33027889
1622,33027889
1634,33027889
1653,33027889
1657,33027889
1658,33027889
1673,33027889
1681,33027889
1691,33027889
1703,33027889
1714,33027889
1727,33027889
1756,33027889
1784,33027889
1962,33027889
1963,33027889
1964,33027889
1965,33027889
1966,33027889
1967,33027889
2287,33027889
2288,33027889
2289,33027889
2290,33027889
2291,33027889
2292,33027889
2293,33027889
2294,33027889
2295,33027889
2296,33027889
2297,33027889
2298,33027889
2299,33027889
2300,33027889
2301,33027889
2302,33027889
2303,33027889
2304,33027889
2980,33027889
2981,33027889
2982,33027889
2983,33027889
2984,33027889
2985,33027889
2986,33027889
2987,33027889
2988,33027889
2989,33027889
2990,33027889
2991,33027889
2992,33027889
2993,33027889
2994,33027889
2995,33027889
2996,33027889
2997,33027889
2998,33027889
2999,33027889
3000,33027889
3001,33027889
3002,33027889
3003,33027889
3009,33027889
3094,33027889
3095,33027889
3096,33027889
3097,33027889
3098,33027889
3099,33027889
3114,33027889
3116,33027889
3117,33027889
3118,33027889
3119,33027889
3120,33027889
3121,33027889
3122,33027889
3123,33027889
3124,33027889
3125,33027889
3126,33027889
3127,33027889
3128,33027889
3129,33027889
3130,33027889
3131,33027889
3132,33027889
3146,33027889
3147,33027889
3148,33027889
3149,33027889
3150,33027889
3339,33027889
3692,33027889
3693,33027889
297,33027900
551,33027900
644,33027900
734,33027900
737,33027900
745,33027900
902,33027900
903,33027900
919,33027900
1133,33027900
1134,33027900
1135,33027900
1136,33027900
1137,33027900
1186,33027900
1187,33027900
1188,33027900
1189,33027900
1203,33027900
1229,33027900
1230,33027900
1266,33027900
1308,33027900
1334,33027900
1348,33027900
1349,33027900
1350,33027900
1369,33027900
1370,33027900
1398,33027900
1402,33027900
1403,33027900
1435,33027900
1436,33027900
1453,33027900
1466,33027900
1467,33027900
1486,33027900
1487,33027900
1509,33027900
1515,33027900
1516,33027900
1530,33027900
1563,33027900
1568,33027900
1585,33027900
1592,33027900
1610,33027900
1660,33027900
1693,33027900
1732,33027900
1733,33027900
1734,33027900
1758,33027900
1759,33027900
1888,33027900
1889,33027900
1890,33027900
1924,33027900
1925,33027900
1926,33027900
1961,33027900
2011,33027900
2149,33027900
2150,33027900
2151,33027900
2162,33027900
2177,33027900
2178,33027900
2340,33027900
2341,33027900
2342,33027900
2343,33027900
2754,33027900
2755,33027900
2756,33027900
2757,33027900
2758,33027900
2759,33027900
2760,33027900
2761,33027900
2762,33027900
2763,33027900
2765,33027900
2766,33027900
2767,33027900
2768,33027900
3046,33027900
3074,33027900
3397,33027900
3398,33027900
3399,33027900
3400,33027900
3401,33027900
3402,33027900
3403,33027900
3404,33027900
3405,33027900
3406,33027900
3407,33027900
3408,33027900
3416,33027900
3417,33027900
3418,33027900
3419,33027900
3448,33027900
657,33027919
803,33027919
2314,33027919
2315,33027919
2316,33027919
2317,33027919
2361,33027919
2362,33027919
2535,33027919
2536,33027919
2537,33027919
2538,33027919
2539,33027919
2540,33027919
2541,33027919
2542,33027919
3541,33027919
3542,33027919
3543,33027919
3544,33027919
3545,33027919
3546,33027919
3547,33027919
3548,33027919
3549,33027919
3550,33027919
510,33027927
529,33027927
669,33027927
738,33027927
809,33027927
948,33027927
1148,33027927
1149,33027927
1158,33027927
1160,33027927
1161,33027927
1170,33027927
1171,33027927
1178,33027927
1191,33027927
1192,33027927
1193,33027927
1213,33027927
1240,33027927
1241,33027927
1246,33027927
1277,33027927
1278,33027927
1293,33027927
1295,33027927
1303,33027927
1318,33027927
1319,33027927
1336,33027927
1337,33027927
1358,33027927
1359,33027927
1368,33027927
1375,33027927
1376,33027927
1411,33027927
1412,33027927
1413,33027927
1433,33027927
1434,33027927
1443,33027927
1444,33027927
1500,33027927
1503,33027927
1526,33027927
1527,33027927
1528,33027927
1532,33027927
1533,33027927
1624,33027927
1625,33027927
1659,33027927
1696,33027927
1697,33027927
1701,33027927
1702,33027927
1710,33027927
1735,33027927
1736,33027927
1737,33027927
1761,33027927
1783,33027927
1936,33027927
1937,33027927
1938,33027927
1940,33027927
1968,33027927
1969,33027927
1970,33027927
1971,33027927
1972,33027927
1973,33027927
1974,33027927
1975,33027927
1977,33027927
1978,33027927
1979,33027927
1983,33027927
1984,33027927
1986,33027927
1987,33027927
1988,33027927
1989,33027927
1991,33027927
2824,33027927
2825,33027927
2827,33027927
2890,33027927
2892,33027927
2893,33027927
2894,33027927
2895,33027927
3025,33027927
3026,33027927
3032,33027927
3037,33027927
3038,33027927
3044,33027927
3045,33027927
3048,33027927
3052,33027927
3054,33027927
3056,33027927
3057,33027927
3061,33027927
3079,33027927
3329,33027927
3466,33027927
3470,33027927
3475,33027927
3478,33027927
3480,33027927
3482,33027927
3486,33027927
3491,33027927
3493,33027927
3494,33027927
3496,33027927
3526,33027927
3532,33027927
3536,33027927
3539,33027927
3552,33027927
3553,33027927
3554,33027927
3569,33027927
3579,33027927
1106,33094918
1107,33094918
1108,33094918
1109,33094918
1110,33094918
1111,33094918
1112,33094918
1113,33094918
1114,33094918
1115,33094918
1116,33094918
1117,33094918
1118,33094918
1119,33094918
1120,33094918
1121,33094918
1122,33094918
1123,33094918
1124,33094918
1125,33094918
2008,33094918
2023,33094918
2024,33094918
2025,33094918
2026,33094918
2027,33094918
2028,33094918
2029,33094918
2030,33094918
2031,33094918
2032,33094918
2055,33094918
2056,33094918
2057,33094918
2058,33094918
2068,33094918
2069,33094918
2071,33094918
2072,33094918
2074,33094918
2075,33094918
2076,33094918
2077,33094918
2478,33094918
2479,33094918
2495,33094918
2496,33094918
2497,33094918
2498,33094918
2499,33094918
2595,33094918
2596,33094918
2597,33094918
2620,33094918
2621,33094918
2622,33094918
2623,33094918
2624,33094918
2625,33094918
2627,33094918
2628,33094918
2629,33094918
2879,33094918
2880,33094918
2881,33094918
2991,33094918
2992,33094918
2993,33094918
2994,33094918
2995,33094918
2996,33094918
2997,33094918
2998,33094918
2999,33094918
3000,33094918
3001,33094918
3002,33094918
3003,33094918
3004,33094918
3005,33094918
3006,33094918
3007,33094918
3008,33094918
3009,33094918
3010,33094918
3022,33094918
3295,33094918
3296,33094918
900,33096597
902,33096597
903,33096597
908,33096597
909,33096597
910,33096597
911,33096597
912,33096597
916,33096597
1905,33096597
1908,33096597
1909,33096597
1910,33096597
1911,33096597
1912,33096597
1913,33096597
1914,33096597
1915,33096597
1916,33096597
1917,33096597
1918,33096597
1919,33096597
1921,33096597
1922,33096597
1923,33096597
1924,33096597
1925,33096597
1984,33096597
2080,33096597
2081,33096597
2082,33096597
2083,33096597
2084,33096597
2085,33096597
2087,33096597
2088,33096597
2089,33096597
2090,33096597
2091,33096597
2092,33096597
2093,33096597
2094,33096597
2095,33096597
2096,33096597
2665,33096597
2686,33096597
3121,33096597
3122,33096597
3123,33096597
3124,33096597
3125,33096597
3126,33096597
3127,33096597
3128,33096597
3129,33096597
3130,33096597
3131,33096597
3132,33096597
3343,33096597
1199,33096600
1200,33096600
1201,33096600
1202,33096600
1203,33096600
1204,33096600
1205,33096600
1206,33096600
1207,33096600
1208,33096600
1209,33096600
1210,33096600
1211,33096600
1212,33096600
1213,33096600
1214,33096600
1215,33096600
1216,33096600
1217,33096600
1218,33096600
1219,33096600
1220,33096600
1221,33096600
1222,33096600
1711,33096600
1799,33096600
1800,33096600
1801,33096600
1802,33096600
1803,33096600
1804,33096600
1805,33096600
1806,33096600
1807,33096600
1808,33096600
1809,33096600
1810,33096600
1811,33096600
1812,33096600
1813,33096600
1844,33096600
1847,33096600
1848,33096600
1849,33096600
1850,33096600
1851,33096600
1853,33096600
2193,33096600
2194,33096600
2195,33096600
2197,33096600
2198,33096600
2200,33096600
2201,33096600
2202,33096600
2203,33096600
2204,33096600
2205,33096600
2206,33096600
2207,33096600
2208,33096600
2209,33096600
2210,33096600
2211,33096600
2212,33096600
2514,33096600
2548,33096600
2636,33096600
2642,33096600
2644,33096600
3309,33096600
3310,33096600
3311,33096600
3312,33096600
3313,33096600
3314,33096600
3315,33096600
3316,33096600
3317,33096600
3318,33096600
3319,33096600
3320,33096600
3321,33096600
3322,33096600
3323,33096600
3324,33096600
3325,33096600
3326,33096600
3435,33096600
1126,33097739
1127,33097739
1128,33097739
1129,33097739
1130,33097739
1131,33097739
1132,33097739
1133,33097739
1134,33097739
1135,33097739
1136,33097739
1137,33097739
1138,33097739
1139,33097739
1140,33097739
1141,33097739
1554,33097739
1557,33097739
1558,33097739
1559,33097739
1560,33097739
1561,33097739
1562,33097739
1563,33097739
1564,33097739
1565,33097739
1566,33097739
1569,33097739
1580,33097739
1614,33097739
1622,33097739
2422,33097739
2423,33097739
2424,33097739
2425,33097739
2426,33097739
2427,33097739
2428,33097739
2431,33097739
2432,33097739
2434,33097739
2436,33097739
2437,33097739
2438,33097739
3027,33097739
3028,33097739
3029,33097739
3030,33097739
3031,33097739
3032,33097739
3033,33097739
3034,33097739
3035,33097739
3036,33097739
3037,33097739
3038,33097739
3039,33097739
1321,33112630
1322,33112630
1323,33112630
1324,33112630
1325,33112630
1326,33112630
1327,33112630
1328,33112630
1329,33112630
1330,33112630
1331,33112630
1332,33112630
1333,33112630
1334,33112630
1335,33112630
1336,33112630
1337,33112630
1338,33112630
1339,33112630
1340,33112630
1341,33112630
1342,33112630
1343,33112630
1344,33112630
1390,33112630
1608,33112630
1674,33112630
1738,33112630
502,33117918
503,33117918
851,33117918
923,33117918
924,33117918
930,33117918
1038,33117918
1039,33117918
1094,33117918
1095,33117918
1106,33117918
1107,33117918
1108,33117918
1143,33117918
1144,33117918
1145,33117918
1146,33117918
1201,33117918
1202,33117918
1217,33117918
1238,33117918
1239,33117918
1274,33117918
1275,33117918
1276,33117918
1306,33117918
1307,33117918
1347,33117918
1364,33117918
1365,33117918
1366,33117918
1367,33117918
1379,33117918
1380,33117918
1401,33117918
1417,33117918
1449,33117918
1450,33117918
1477,33117918
1478,33117918
1498,33117918
1499,33117918
1513,33117918
1514,33117918
1531,33117918
1545,33117918
1551,33117918
1552,33117918
1556,33117918
1557,33117918
1561,33117918
1562,33117918
1574,33117918
1582,33117918
1602,33117918
1603,33117918
1604,33117918
1620,33117918
1621,33117918
1623,33117918
1635,33117918
1692,33117918
1746,33117918
1757,33117918
1760,33117918
1772,33117918
1773,33117918
2029,33117918
2030,33117918
2032,33117918
2033,33117918
2034,33117918
2035,33117918
2036,33117918
2037,33117918
2038,33117918
2039,33117918
2040,33117918
2041,33117918
2042,33117918
2043,33117918
2044,33117918
2045,33117918
2046,33117918
2047,33117918
2048,33117918
2733,33117918
2734,33117918
2735,33117918
2736,33117918
2737,33117918
2738,33117918
2739,33117918
2740,33117918
2741,33117918
2742,33117918
2743,33117918
2744,33117918
2745,33117918
2746,33117918
2747,33117918
2799,33117918
2800,33117918
3450,33117918
3451,33117918
3452,33117918
3453,33117918
3454,33117918
3455,33117918
3456,33117918
3457,33117918
3458,33117918
3459,33117918
3460,33117918
3461,33117918
3462,33117918
3463,33117918
3464,33117918
3500,33117918
3501,33117918
3680,33117918
299,33117926
599,33117926
623,33117926
740,33117926
1075,33117926
1130,33117926
1131,33117926
1132,33117926
1204,33117926
1205,33117926
1225,33117926
1226,33117926
1264,33117926
1309,33117926
1310,33117926
1404,33117926
1405,33117926
1463,33117926
1464,33117926
1517,33117926
1518,33117926
1540,33117926
1541,33117926
1569,33117926
1605,33117926
1606,33117926
1629,33117926
1630,33117926
1741,33117926
1742,33117926
1766,33117926
1767,33117926
1768,33117926
2013,33117926
2015,33117926
2016,33117926
2017,33117926
2018,33117926
2019,33117926
2020,33117926
2021,33117926
2022,33117926
2024,33117926
2025,33117926
2026,33117926
2107,33117926
2108,33117926
2144,33117926
2145,33117926
2580,33117926
2599,33117926
2602,33117926
2629,33117926
2659,33117926
2667,33117926
2668,33117926
2669,33117926
2670,33117926
2677,33117926
2678,33117926
2679,33117926
2680,33117926
2681,33117926
2682,33117926
2683,33117926
3581,33117926
3584,33117926
3586,33117926
3587,33117926
3588,33117926
3589,33117926
3590,33117926
3591,33117926
3592,33117926
3593,33117926
3594,33117926
3595,33117926
3597,33117926
3598,33117926
3600,33117926
3611,33117926
798,33118922
799,33118922
800,33118922
801,33118922
802,33118922
803,33118922
804,33118922
805,33118922
806,33118922
1391,33118922
1448,33118922
1449,33118922
1450,33118922
1451,33118922
1452,33118922
1453,33118922
1454,33118922
1455,33118922
1456,33118922
1457,33118922
1458,33118922
1459,33118922
1460,33118922
1461,33118922
1462,33118922
1463,33118922
1464,33118922
1465,33118922
1466,33118922
1467,33118922
1468,33118922
2683,33118922
2698,33118922
2699,33118922
2707,33118922
2708,33118922
2710,33118922
2711,33118922
2712,33118922
2713,33118922
2714,33118922
2715,33118922
2716,33118922
2717,33118922
2719,33118922
2720,33118922
2721,33118922
2722,33118922
2723,33118922
2724,33118922
2725,33118922
2726,33118922
2727,33118922
2728,33118922
3040,33118922
3042,33118922
3043,33118922
3044,33118922
3045,33118922
3046,33118922
3047,33118922
3048,33118922
3049,33118922
3050,33118922
3051,33118922
3052,33118922
3053,33118922
3054,33118922
3055,33118922
3056,33118922
3057,33118922
3058,33118922
3059,33118922
3060,33118922
3061,33118922
3115,33118922
733,33138222
863,33138222
931,33138222
945,33138222
1155,33138222
1156,33138222
1166,33138222
1167,33138222
1184,33138222
1185,33138222
1190,33138222
1220,33138222
1221,33138222
1281,33138222
1282,33138222
1283,33138222
1284,33138222
1325,33138222
1339,33138222
1340,33138222
1341,33138222
1384,33138222
1385,33138222
1421,33138222
1422,33138222
1423,33138222
1426,33138222
1427,33138222
1428,33138222
1456,33138222
1457,33138222
1482,33138222
1483,33138222
1484,33138222
1508,33138222
1537,33138222
1538,33138222
1555,33138222
1567,33138222
1579,33138222
1580,33138222
1649,33138222
1650,33138222
1677,33138222
1678,33138222
1688,33138222
1689,33138222
1706,33138222
1707,33138222
1724,33138222
1725,33138222
1740,33138222
1752,33138222
1762,33138222
1765,33138222
1780,33138222
1781,33138222
2001,33138222
2002,33138222
2023,33138222
2154,33138222
2201,33138222
2223,33138222
2233,33138222
2251,33138222
2284,33138222
2305,33138222
2311,33138222
2312,33138222
2318,33138222
2319,33138222
2320,33138222
2339,33138222
2344,33138222
2345,33138222
2348,33138222
2349,33138222
2350,33138222
2351,33138222
2832,33138222
2887,33138222
2889,33138222
2897,33138222
2898,33138222
2899,33138222
2900,33138222
2907,33138222
2908,33138222
2909,33138222
2910,33138222
2911,33138222
2912,33138222
2913,33138222
2914,33138222
2915,33138222
2916,33138222
2917,33138222
2918,33138222
2919,33138222
2920,33138222
3058,33138222
3059,33138222
3369,33138222
3370,33138222
3371,33138222
3372,33138222
3373,33138222
3374,33138222
3375,33138222
3376,33138222
3377,33138222
3378,33138222
3379,33138222
3380,33138222
3381,33138222
3382,33138222
3383,33138222
3384,33138222
3385,33138222
3386,33138222
3387,33138222
3388,33138222
3389,33138222
3390,33138222
3391,33138222
3392,33138222
3393,33138222
3394,33138222
3395,33138222
885,33138249
886,33138249
887,33138249
900,33138249
1787,33138249
1789,33138249
1790,33138249
1792,33138249
1793,33138249
1794,33138249
1795,33138249
1796,33138249
1797,33138249
1798,33138249
1799,33138249
1800,33138249
1802,33138249
1803,33138249
1806,33138249
1807,33138249
1808,33138249
1809,33138249
1810,33138249
1811,33138249
1812,33138249
1814,33138249
1815,33138249
1817,33138249
1818,33138249
1819,33138249
1820,33138249
1821,33138249
1822,33138249
1823,33138249
1824,33138249
1825,33138249
1826,33138249
1827,33138249
1828,33138249
1829,33138249
1831,33138249
1832,33138249
1833,33138249
1834,33138249
1835,33138249
1836,33138249
1837,33138249
1838,33138249
1839,33138249
1840,33138249
1842,33138249
1843,33138249
1844,33138249
1845,33138249
1846,33138249
1847,33138249
1848,33138249
1849,33138249
1850,33138249
1851,33138249
1852,33138249
1853,33138249
1854,33138249
1855,33138249
1856,33138249
1857,33138249
1858,33138249
1859,33138249
1860,33138249
1864,33138249
1865,33138249
1866,33138249
1867,33138249
1870,33138249
1871,33138249
1872,33138249
1873,33138249
1874,33138249
1875,33138249
1876,33138249
1877,33138249
1878,33138249
1879,33138249
1880,33138249
1881,33138249
1882,33138249
1883,33138249
1884,33138249
1885,33138249
1886,33138249
1887,33138249
2148,33138249
2152,33138249
2153,33138249
2155,33138249
2156,33138249
2157,33138249
2158,33138249
2159,33138249
2160,33138249
2161,33138249
2163,33138249
2164,33138249
2165,33138249
2166,33138249
2167,33138249
2168,33138249
2169,33138249
2170,33138249
2171,33138249
2172,33138249
2173,33138249
2174,33138249
2175,33138249
2176,33138249
2962,33138249
2963,33138249
2964,33138249
2965,33138249
2966,33138249
2967,33138249
2968,33138249
2969,33138249
2971,33138249
2972,33138249
2973,33138249
2975,33138249
2978,33138249
3015,33138249
3017,33138249
3022,33138249
3023,33138249
3024,33138249
3035,33138249
3036,33138249
3041,33138249
3042,33138249
3043,33138249
3047,33138249
3176,33138249
3409,33138249
3411,33138249
3412,33138249
3413,33138249
3414,33138249
3415,33138249
3420,33138249
3422,33138249
3423,33138249
3426,33138249
3427,33138249
3428,33138249
3430,33138249
3432,33138249
3433,33138249
3434,33138249
3436,33138249
3437,33138249
3438,33138249
3441,33138249
3442,33138249
3443,33138249
3446,33138249
3447,33138249
3449,33138249
917,33139725
919,33139725
920,33139725
922,33139725
923,33139725
924,33139725
925,33139725
926,33139725
927,33139725
928,33139725
930,33139725
931,33139725
932,33139725
933,33139725
935,33139725
936,33139725
937,33139725
938,33139725
940,33139725
942,33139725
943,33139725
944,33139725
945,33139725
948,33139725
949,33139725
1718,33139725
1719,33139725
1721,33139725
1722,33139725
1787,33139725
1788,33139725
1789,33139725
1790,33139725
1791,33139725
1792,33139725
1793,33139725
1794,33139725
1795,33139725
1796,33139725
1797,33139725
1814,33139725
1815,33139725
1816,33139725
1817,33139725
1818,33139725
1819,33139725
1988,33139725
1989,33139725
2257,33139725
2258,33139725
2259,33139725
2260,33139725
2261,33139725
2262,33139725
2263,33139725
2264,33139725
2265,33139725
2266,33139725
2267,33139725
2268,33139725
2269,33139725
2270,33139725
2271,33139725
2272,33139725
2273,33139725
2274,33139725
2275,33139725
2276,33139725
2512,33139725
2513,33139725
2649,33139725
2650,33139725
2651,33139725
2652,33139725
2653,33139725
3174,33139725
3175,33139725
3176,33139725
3177,33139725
3178,33139725
3179,33139725
3180,33139725
3181,33139725
3182,33139725
3183,33139725
3184,33139725
3185,33139725
3186,33139725
3187,33139725
3188,33139725
3189,33139725
3190,33139725
3191,33139725
3192,33139725
3193,33139725
3194,33139725
3195,33139725
3196,33139725
3197,33139725
3198,33139725
3199,33139725
3200,33139725
463,33145555
656,33145555
717,33145555
758,33145555
802,33145555
859,33145555
943,33145555
944,33145555
970,33145555
1098,33145555
1120,33145555
1121,33145555
1154,33145555
1164,33145555
1165,33145555
1174,33145555
1175,33145555
1176,33145555
1216,33145555
1245,33145555
1323,33145555
1324,33145555
1416,33145555
1447,33145555
1448,33145555
1479,33145555
1480,33145555
1506,33145555
1507,33145555
1548,33145555
1549,33145555
1638,33145555
1639,33145555
1644,33145555
1665,33145555
1671,33145555
1672,33145555
1705,33145555
1749,33145555
1776,33145555
2321,33145555
2322,33145555
2323,33145555
2324,33145555
2325,33145555
2326,33145555
2327,33145555
2328,33145555
2329,33145555
2330,33145555
2331,33145555
2332,33145555
2335,33145555
2337,33145555
2338,33145555
2805,33145555
2806,33145555
2807,33145555
2808,33145555
2809,33145555
2810,33145555
2811,33145555
2812,33145555
2813,33145555
2814,33145555
2815,33145555
2816,33145555
2817,33145555
2818,33145555
2819,33145555
2820,33145555
2821,33145555
2822,33145555
2823,33145555
3214,33145555
3215,33145555
3216,33145555
3217,33145555
3218,33145555
3219,33145555
3220,33145555
3221,33145555
3222,33145555
3223,33145555
3224,33145555
3225,33145555
3226,33145555
3227,33145555
3228,33145555
3229,33145555
3230,33145555
3231,33145555
3232,33145555
3234,33145555
3240,33145555
655,33145563
798,33145563
800,33145563
801,33145563
824,33145563
2225,33145563
2226,33145563
2227,33145563
2228,33145563
2229,33145563
2230,33145563
2231,33145563
2232,33145563
3062,33145563
3063,33145563
3064,33145563
3069,33145563
3070,33145563
3071,33145563
3072,33145563
3073,33145563
3356,33145563
3357,33145563
3358,33145563
3359,33145563
3360,33145563
3361,33145563
3362,33145563
3363,33145563
806,33156921
812,33156921
813,33156921
2261,33156921
2262,33156921
2263,33156921
2264,33156921
2265,33156921
2266,33156921
2267,33156921
2268,33156921
2269,33156921
2270,33156921
2273,33156921
2275,33156921
2276,33156921
2277,33156921
2278,33156921
2279,33156921
2280,33156921
2281,33156921
2282,33156921
2283,33156921
2408,33156921
2409,33156921
2411,33156921
2412,33156921
2414,33156921
2415,33156921
2416,33156921
2417,33156921
2418,33156921
2419,33156921
2420,33156921
2421,33156921
2423,33156921
2424,33156921
2425,33156921
2426,33156921
2427,33156921
2428,33156921
2429,33156921
2833,33156921
2834,33156921
2835,33156921
2836,33156921
2837,33156921
2839,33156921
2840,33156921
2841,33156921
2842,33156921
2843,33156921
2844,33156921
3563,33156921
3564,33156921
3565,33156921
3566,33156921
3567,33156921
3570,33156921
3574,33156921
3576,33156921
3613,33156921
3614,33156921
3617,33156921
3618,33156921
3623,33156921
3624,33156921
3625,33156921
3626,33156921
3645,33156921
3647,33156921
3648,33156921
3649,33156921
3650,33156921
3651,33156921
3652,33156921
3653,33156921
3654,33156921
3655,33156921
3656,33156921
3657,33156921
3688,33156921
3689,33156921
2363,33158398
2364,33158398
2365,33158398
2367,33158398
2368,33158398
2369,33158398
2370,33158398
2371,33158398
2372,33158398
2373,33158398
2374,33158398
2545,33158398
2547,33158398
2549,33158398
2550,33158398
2551,33158398
2552,33158398
2553,33158398
2554,33158398
2555,33158398
3342,33158398
3343,33158398
3344,33158398
3345,33158398
3346,33158398
3347,33158398
3364,33158398
3365,33158398
3366,33158398
3367,33158398
3694,33158398
652,33162719
680,33162719
708,33162719
741,33162719
742,33162719
743,33162719
744,33162719
816,33162719
817,33162719
818,33162719
916,33162719
917,33162719
922,33162719
1043,33162719
1044,33162719
1045,33162719
1046,33162719
1077,33162719
1138,33162719
1139,33162719
1222,33162719
1223,33162719
1224,33162719
1231,33162719
1232,33162719
1253,33162719
1254,33162719
1255,33162719
1267,33162719
1326,33162719
1327,33162719
1328,33162719
1386,33162719
1387,33162719
1458,33162719
1459,33162719
1468,33162719
1469,33162719
1470,33162719
1488,33162719
1489,33162719
1490,33162719
1542,33162719
1543,33162719
1571,33162719
1572,33162719
1593,33162719
1594,33162719
1595,33162719
1611,33162719
1612,33162719
1631,33162719
1632,33162719
1641,33162719
1642,33162719
1666,33162719
1667,33162719
1715,33162719
1716,33162719
1717,33162719
1743,33162719
1744,33162719
1745,33162719
1770,33162719
1982,33162719
1985,33162719
1992,33162719
1993,33162719
1994,33162719
1995,33162719
1996,33162719
1997,33162719
1998,33162719
1999,33162719
2000,33162719
2003,33162719
2004,33162719
2005,33162719
2006,33162719
2007,33162719
2008,33162719
2009,33162719
2010,33162719
2012,33162719
2238,33162719
2239,33162719
2240,33162719
2241,33162719
2242,33162719
2243,33162719
2244,33162719
2245,33162719
2271,33162719
2272,33162719
2433,33162719
2436,33162719
2440,33162719
2441,33162719
2442,33162719
2443,33162719
2444,33162719
2445,33162719
2446,33162719
2447,33162719
2448,33162719
2449,33162719
2450,33162719
2451,33162719
2452,33162719
2453,33162719
2454,33162719
2455,33162719
2456,33162719
2457,33162719
2458,33162719
2459,33162719
2460,33162719
2461,33162719
2462,33162719
2463,33162719
2464,33162719
2465,33162719
2466,33162719
2467,33162719
3270,33162719
3271,33162719
3272,33162719
3273,33162719
3274,33162719
3275,33162719
3276,33162719
3277,33162719
3278,33162719
3279,33162719
3280,33162719
3281,33162719
3282,33162719
3284,33162719
3285,33162719
3286,33162719
3287,33162719
3288,33162719
3292,33162719
3293,33162719
3294,33162719
3295,33162719
3296,33162719
3297,33162719
3298,33162719
3299,33162719
3300,33162719
3301,33162719
3302,33162719
3303,33162719
399,33162786
685,33162786
852,33162786
1040,33162786
1041,33162786
1042,33162786
1109,33162786
1110,33162786
1115,33162786
1116,33162786
1127,33162786
1128,33162786
1129,33162786
1209,33162786
1210,33162786
1236,33162786
1237,33162786
1260,33162786
1261,33162786
1262,33162786
1263,33162786
1271,33162786
1272,33162786
1273,33162786
1314,33162786
1315,33162786
1352,33162786
1353,33162786
1354,33162786
1355,33162786
1372,33162786
1373,33162786
1394,33162786
1409,33162786
1438,33162786
1439,33162786
1440,33162786
1475,33162786
1476,33162786
1496,33162786
1497,33162786
1521,33162786
1522,33162786
1535,33162786
1536,33162786
1565,33162786
1566,33162786
1600,33162786
1601,33162786
1617,33162786
1618,33162786
1619,33162786
1626,33162786
1627,33162786
1628,33162786
1636,33162786
1637,33162786
1663,33162786
1664,33162786
1711,33162786
1712,33162786
1713,33162786
1738,33162786
1739,33162786
1763,33162786
1764,33162786
1891,33162786
1892,33162786
1893,33162786
1894,33162786
1895,33162786
1896,33162786
1897,33162786
1898,33162786
1899,33162786
1900,33162786
1901,33162786
1902,33162786
1903,33162786
1904,33162786
1905,33162786
1906,33162786
1907,33162786
1908,33162786
2901,33162786
2902,33162786
2903,33162786
2904,33162786
2905,33162786
2906,33162786
2936,33162786
2937,33162786
2939,33162786
2942,33162786
2943,33162786
2944,33162786
2945,33162786
2946,33162786
2947,33162786
2948,33162786
2949,33162786
2950,33162786
3627,33162786
3628,33162786
3629,33162786
3630,33162786
3631,33162786
3632,33162786
3633,33162786
3634,33162786
3635,33162786
3636,33162786
3637,33162786
3638,33162786
3639,33162786
3640,33162786
3641,33162786
3642,33162786
3643,33162786
3644,33162786
1142,33166625
1143,33166625
1144,33166625
1145,33166625
1146,33166625
1147,33166625
1148,33166625
1149,33166625
1150,33166625
1151,33166625
1152,33166625
1153,33166625
1634,33166625
1635,33166625
1688,33166625
1689,33166625
1690,33166625
1691,33166625
1692,33166625
1693,33166625
1694,33166625
1695,33166625
1696,33166625
1697,33166625
2215,33166625
2287,33166625
2317,33166625
2362,33166625
2363,33166625
2384,33166625
2386,33166625
2387,33166625
2390,33166625
2391,33166625
2392,33166625
2393,33166625
2394,33166625
2395,33166625
2396,33166625
2846,33166625
2952,33166625
2953,33166625
2954,33166625
2955,33166625
2956,33166625
2957,33166625
2958,33166625
2959,33166625
2960,33166625
2961,33166625
2962,33166625
2963,33166625
2964,33166625
951,33166633
952,33166633
953,33166633
1907,33166633
1927,33166633
1929,33166633
1932,33166633
1933,33166633
1935,33166633
2286,33166633
2745,33166633
2746,33166633
2747,33166633
2748,33166633
2848,33166633
2849,33166633
2925,33166633
2926,33166633
2927,33166633
2928,33166633
2929,33166633
3120,33166633
960,33166641
961,33166641
964,33166641
966,33166641
967,33166641
968,33166641
969,33166641
970,33166641
2137,33166641
2138,33166641
2142,33166641
2143,33166641
2144,33166641
2145,33166641
2146,33166641
2147,33166641
2148,33166641
2149,33166641
2150,33166641
2151,33166641
2152,33166641
2153,33166641
2154,33166641
2155,33166641
2156,33166641
2157,33166641
2158,33166641
2159,33166641
2160,33166641
2161,33166641
2162,33166641
2163,33166641
2164,33166641
2165,33166641
2166,33166641
2167,33166641
2168,33166641
2552,33166641
2553,33166641
2555,33166641
2556,33166641
2557,33166641
2558,33166641
2561,33166641
2562,33166641
2563,33166641
2564,33166641
2565,33166641
2566,33166641
2567,33166641
2568,33166641
2569,33166641
2570,33166641
2571,33166641
2573,33166641
2574,33166641
2575,33166641
2576,33166641
2577,33166641
2578,33166641
2579,33166641
2580,33166641
2581,33166641
2593,33166641
2630,33166641
3080,33166641
3090,33166641
3109,33166641
3112,33166641
3133,33166641
3147,33166641
3150,33166641
3152,33166641
3163,33166641
3164,33166641
3215,33166641
3218,33166641
3241,33166641
3242,33166641
3287,33166641
3289,33166641
3293,33166641
3294,33166641
3300,33166641
3301,33166641
3302,33166641
3353,33166641
3355,33166641
3377,33166641
3434,33166641
1380,33166650
1381,33166650
1382,33166650
1383,33166650
1384,33166650
1385,33166650
1386,33166650
1387,33166650
1388,33166650
1975,33166650
1976,33166650
1977,33166650
1978,33166650
1979,33166650
1980,33166650
1981,33166650
1982,33166650
2033,33166650
2034,33166650
2035,33166650
2302,33166650
2304,33166650
2305,33166650
2306,33166650
2308,33166650
2309,33166650
2310,33166650
2311,33166650
2312,33166650
2313,33166650
3104,33166650
3110,33166650
3113,33166650
3114,33166650
3116,33166650
3117,33166650
3216,33166650
3350,33166650
3351,33166650
1345,33166668
1346,33166668
1347,33166668
1348,33166668
1349,33166668
1350,33166668
1351,33166668
1352,33166668
1353,33166668
1354,33166668
1355,33166668
1356,33166668
1357,33166668
1358,33166668
1359,33166668
1360,33166668
1361,33166668
1362,33166668
1363,33166668
1364,33166668
1365,33166668
1366,33166668
1623,33166668
1624,33166668
1625,33166668
1626,33166668
1628,33166668
1827,33166668
1829,33166668
1830,33166668
1831,33166668
1832,33166668
1833,33166668
1834,33166668
1835,33166668
1836,33166668
1837,33166668
1838,33166668
1839,33166668
1840,33166668
1841,33166668
1842,33166668
1843,33166668
1973,33166668
2320,33166668
2323,33166668
2349,33166668
2358,33166668
2364,33166668
2365,33166668
2366,33166668
2367,33166668
2368,33166668
2370,33166668
2371,33166668
2372,33166668
2373,33166668
2374,33166668
2375,33166668
2379,33166668
2380,33166668
2381,33166668
2382,33166668
2510,33166668
2511,33166668
3081,33166668
3083,33166668
3084,33166668
3085,33166668
3086,33166668
3087,33166668
3088,33166668
3089,33166668
3091,33166668
3092,33166668
3093,33166668
3094,33166668
3095,33166668
3096,33166668
3097,33166668
3099,33166668
3100,33166668
3101,33166668
3103,33166668
3111,33166668
3369,33166668
379,33166706
689,33166706
810,33166706
811,33166706
877,33166706
2120,33166706
2127,33166706
2132,33166706
2133,33166706
2135,33166706
2136,33166706
2138,33166706
2139,33166706
2140,33166706
2141,33166706
2142,33166706
2143,33166706
2346,33166706
2347,33166706
2481,33166706
2482,33166706
2483,33166706
2484,33166706
2485,33166706
2486,33166706
2487,33166706
2488,33166706
2489,33166706
2490,33166706
2491,33166706
2492,33166706
2493,33166706
2494,33166706
2495,33166706
2497,33166706
3080,33166706
3081,33166706
3312,33166706
3313,33166706
3314,33166706
3315,33166706
3316,33166706
3317,33166706
3318,33166706
3319,33166706
3320,33166706
3321,33166706
3322,33166706
544,33167397
670,33167397
671,33167397
908,33167397
909,33167397
910,33167397
932,33167397
933,33167397
935,33167397
949,33167397
951,33167397
952,33167397
953,33167397
960,33167397
961,33167397
1194,33167397
1195,33167397
1196,33167397
1197,33167397
1198,33167397
1285,33167397
1286,33167397
1299,33167397
1300,33167397
1301,33167397
1329,33167397
1330,33167397
1331,33167397
1342,33167397
1388,33167397
1389,33167397
1390,33167397
1395,33167397
1396,33167397
1429,33167397
1430,33167397
1460,33167397
1461,33167397
1544,33167397
1570,33167397
1573,33167397
1576,33167397
1633,33167397
1640,33167397
1651,33167397
1654,33167397
1668,33167397
1669,33167397
1682,33167397
1683,33167397
1708,33167397
1709,33167397
1720,33167397
1748,33167397
1750,33167397
1771,33167397
1774,33167397
1775,33167397
1786,33167397
1788,33167397
1791,33167397
1801,33167397
1804,33167397
1805,33167397
1813,33167397
1816,33167397
1830,33167397
1841,33167397
1861,33167397
1862,33167397
1863,33167397
1868,33167397
1869,33167397
1909,33167397
1910,33167397
1941,33167397
1942,33167397
1943,33167397
1944,33167397
1945,33167397
1946,33167397
1947,33167397
1948,33167397
1949,33167397
1950,33167397
1951,33167397
1952,33167397
1953,33167397
1954,33167397
1955,33167397
1956,33167397
1957,33167397
1958,33167397
1959,33167397
1960,33167397
2234,33167397
2235,33167397
2236,33167397
2237,33167397
2435,33167397
2530,33167397
2531,33167397
2532,33167397
2533,33167397
2534,33167397
2804,33167397
2830,33167397
2938,33167397
2941,33167397
2959,33167397
2960,33167397
2961,33167397
2979,33167397
3004,33167397
3005,33167397
3006,33167397
3007,33167397
3008,33167397
3010,33167397
3011,33167397
3012,33167397
3013,33167397
3016,33167397
3040,33167397
3060,33167397
3193,33167397
3194,33167397
3195,33167397
3196,33167397
3197,33167397
3206,33167397
3207,33167397
3208,33167397
3209,33167397
3210,33167397
3211,33167397
3212,33167397
3213,33167397
3233,33167397
3235,33167397
3236,33167397
3237,33167397
3238,33167397
3239,33167397
3241,33167397
3242,33167397
3243,33167397
3244,33167397
3245,33167397
2116,33173770
572,33175829
658,33175829
659,33175829
715,33175829
716,33175829
724,33175829
759,33175829
761,33175829
804,33175829
805,33175829
868,33175829
875,33175829
876,33175829
2049,33175829
2050,33175829
2051,33175829
2052,33175829
2053,33175829
2054,33175829
2055,33175829
2056,33175829
2057,33175829
2058,33175829
2059,33175829
2091,33175829
2092,33175829
2093,33175829
2094,33175829
2095,33175829
2096,33175829
2097,33175829
2098,33175829
2099,33175829
2100,33175829
2101,33175829
2684,33175829
2685,33175829
2687,33175829
2688,33175829
2689,33175829
2690,33175829
2691,33175829
2692,33175829
2693,33175829
2694,33175829
2695,33175829
2696,33175829
2698,33175829
2699,33175829
2700,33175829
2701,33175829
2702,33175829
2703,33175829
2704,33175829
2705,33175829
3151,33175829
3152,33175829
3153,33175829
3154,33175829
3155,33175829
3156,33175829
3157,33175829
3158,33175829
3159,33175829
3160,33175829
3161,33175829
3162,33175829
3163,33175829
3164,33175829
3165,33175829
3166,33175829
3167,33175829
3168,33175829
653,33176698
699,33176698
709,33176698
718,33176698
2250,33176698
2306,33176698
2307,33176698
2308,33176698
2309,33176698
2310,33176698
2727,33176698
2728,33176698
2729,33176698
2730,33176698
2731,33176698
2732,33176698
3348,33176698
3349,33176698
3350,33176698
3351,33176698
3352,33176698
3353,33176698
3354,33176698
807,33181489
808,33181489
809,33181489
810,33181489
811,33181489
812,33181489
813,33181489
814,33181489
815,33181489
816,33181489
817,33181489
818,33181489
819,33181489
820,33181489
821,33181489
824,33181489
826,33181489
2113,33181489
2115,33181489
2117,33181489
2118,33181489
2119,33181489
2120,33181489
2121,33181489
2122,33181489
2123,33181489
2124,33181489
2125,33181489
2126,33181489
2129,33181489
2130,33181489
2131,33181489
2132,33181489
2177,33181489
2214,33181489
2237,33181489
2238,33181489
2239,33181489
2240,33181489
2241,33181489
2242,33181489
2243,33181489
2244,33181489
2245,33181489
2246,33181489
2247,33181489
2248,33181489
2249,33181489
2250,33181489
2251,33181489
2252,33181489
2255,33181489
704,33184810
721,33184810
1912,33184810
1913,33184810
1914,33184810
1915,33184810
2476,33184810
2477,33184810
2478,33184810
2479,33184810
3103,33184810
3104,33184810
3105,33184810
3106,33184810
1117,33184828
1118,33184828
2375,33184828
2376,33184828
2377,33184828
2378,33184828
2379,33184828
2380,33184828
2381,33184828
2382,33184828
2383,33184828
2384,33184828
2385,33184828
2386,33184828
2387,33184828
2388,33184828
2389,33184828
2390,33184828
2391,33184828
2392,33184828
2394,33184828
2395,33184828
2396,33184828
2397,33184828
2398,33184828
2399,33184828
2400,33184828
2401,33184828
2402,33184828
2403,33184828
2404,33184828
2405,33184828
2432,33184828
2922,33184828
2923,33184828
2924,33184828
2925,33184828
2926,33184828
2927,33184828
2928,33184828
2929,33184828
2930,33184828
3082,33184828
3083,33184828
3084,33184828
3085,33184828
3086,33184828
3087,33184828
3088,33184828
3089,33184828
3090,33184828
3091,33184828
3685,33184828
1389,33186863
1406,33186863
1407,33186863
1408,33186863
1409,33186863
1852,33186863
2489,33186863
2490,33186863
2491,33186863
2492,33186863
2493,33186863
2494,33186863
2831,33186863
2832,33186863
2833,33186863
2850,33186863
2861,33186863
2882,33186863
2883,33186863
2884,33186863
2885,33186863
3367,33186863
3368,33186863
3418,33186863
3419,33186863
3420,33186863
3421,33186863
719,33187436
820,33187436
821,33187436
1911,33187436
1927,33187436
1928,33187436
1929,33187436
1930,33187436
1932,33187436
1933,33187436
1934,33187436
2313,33187436
2513,33187436
2514,33187436
2515,33187436
2516,33187436
2517,33187436
2802,33187436
3304,33187436
3305,33187436
3306,33187436
3307,33187436
3308,33187436
3309,33187436
3310,33187436
3311,33187436
3691,33187436
1517,33191450
1518,33191450
1519,33191450
1520,33191450
1521,33191450
1522,33191450
1523,33191450
1524,33191450
1525,33191450
1526,33191450
1527,33191450
1528,33191450
1529,33191450
1530,33191450
1531,33191450
1532,33191450
1533,33191450
1534,33191450
1535,33191450
1536,33191450
1537,33191450
1538,33191450
1539,33191450
1553,33191450
1826,33191450
2640,33191450
2641,33191450
2647,33191450
2648,33191450
2791,33191450
2792,33191450
2793,33191450
2794,33191450
2795,33191450
2796,33191450
2797,33191450
2798,33191450
2799,33191450
2800,33191450
2801,33191450
2802,33191450
2803,33191450
2806,33191450
2808,33191450
2809,33191450
2810,33191450
2813,33191450
2815,33191450
2817,33191450
2818,33191450
2819,33191450
2820,33191450
2839,33191450
2845,33191450
2853,33191450
807,33192472
808,33192472
814,33192472
815,33192472
2109,33192472
2110,33192472
2111,33192472
2112,33192472
2113,33192472
2114,33192472
2115,33192472
2116,33192472
2499,33192472
2500,33192472
2501,33192472
2502,33192472
2503,33192472
2504,33192472
2505,33192472
2506,33192472
3183,33192472
3184,33192472
3185,33192472
3186,33192472
3187,33192472
3188,33192472
3189,33192472
2199,33194661
2200,33194661
2202,33194661
2246,33194661
2247,33194661
2249,33194661
2357,33194661
2359,33194661
2507,33194661
2508,33194661
2509,33194661
2510,33194661
2511,33194661
2512,33194661
3107,33194661
3108,33194661
3109,33194661
3110,33194661
3111,33194661
3112,33194661
2770,33198071
2771,33198071
2772,33198071
2773,33198071
2774,33198071
2775,33198071
2776,33198071
2777,33198071
2778,33198071
2779,33198071
2780,33198071
2781,33198071
2782,33198071
2783,33198071
2784,33198071
2785,33198071
3102,33198071
3504,33198071
3505,33198071
3506,33198071
3507,33198071
3508,33198071
3509,33198071
3510,33198071
3511,33198071
3512,33198071
3513,33198071
3514,33198071
3515,33198071
3516,33198071
3517,33198071
3518,33198071
3519,33198071
3520,33198071
3679,33198071
303,33216606
387,33216606
654,33216606
681,33216606
682,33216606
722,33216606
799,33216606
819,33216606
839,33216606
840,33216606
878,33216606
911,33216606
912,33216606
925,33216606
927,33216606
928,33216606
936,33216606
937,33216606
964,33216606
966,33216606
1063,33216606
1092,33216606
1093,33216606
1101,33216606
1102,33216606
1147,33216606
1150,33216606
1151,33216606
1152,33216606
1153,33216606
1157,33216606
1159,33216606
1162,33216606
1168,33216606
1169,33216606
1242,33216606
1243,33216606
1279,33216606
1280,33216606
1294,33216606
1296,33216606
1298,33216606
1332,33216606
1333,33216606
1335,33216606
1391,33216606
1392,33216606
1393,33216606
1424,33216606
1425,33216606
1432,33216606
1462,33216606
1501,33216606
1502,33216606
1504,33216606
1550,33216606
1581,33216606
1583,33216606
1645,33216606
1646,33216606
1652,33216606
1674,33216606
1679,33216606
1680,33216606
1686,33216606
1694,33216606
1695,33216606
1699,33216606
1700,33216606
1719,33216606
1726,33216606
1728,33216606
1729,33216606
1753,33216606
1754,33216606
1755,33216606
1777,33216606
1782,33216606
2060,33216606
2061,33216606
2062,33216606
2063,33216606
2064,33216606
2065,33216606
2066,33216606
2067,33216606
2068,33216606
2069,33216606
2070,33216606
2071,33216606
2072,33216606
2073,33216606
2074,33216606
2075,33216606
2076,33216606
2077,33216606
2078,33216606
2079,33216606
2080,33216606
2081,33216606
2082,33216606
2083,33216606
2084,33216606
2085,33216606
2086,33216606
2087,33216606
2088,33216606
2089,33216606
2090,33216606
2102,33216606
2103,33216606
2105,33216606
2106,33216606
2352,33216606
2353,33216606
2354,33216606
2355,33216606
2356,33216606
2360,33216606
2706,33216606
2707,33216606
2708,33216606
2709,33216606
2710,33216606
2711,33216606
2712,33216606
2713,33216606
2714,33216606
2715,33216606
2716,33216606
2717,33216606
2718,33216606
2719,33216606
2720,33216606
2722,33216606
2723,33216606
2724,33216606
2748,33216606
2749,33216606
2750,33216606
2751,33216606
2786,33216606
2787,33216606
2788,33216606
2789,33216606
2790,33216606
2796,33216606
2797,33216606
2803,33216606
2829,33216606
2831,33216606
2951,33216606
3018,33216606
3019,33216606
3020,33216606
3325,33216606
3327,33216606
3333,33216606
3334,33216606
3335,33216606
3336,33216606
3341,33216606
3355,33216606
3368,33216606
3396,33216606
3465,33216606
3474,33216606
3499,33216606
3502,33216606
3503,33216606
3525,33216606
3533,33216606
3534,33216606
3535,33216606
3540,33216606
3551,33216606
3562,33216606
3568,33216606
3571,33216606
3572,33216606
3577,33216606
3578,33216606
3580,33216606
3612,33216606
3615,33216606
3616,33216606
3619,33216606
3620,33216606
3621,33216606
3622,33216606
3658,33216606
3686,33216606
3687,33216606
839,33436215
840,33436215
851,33436215
852,33436215
857,33436215
859,33436215
860,33436215
1481,33436215
1482,33436215
1483,33436215
1484,33436215
1485,33436215
1486,33436215
1488,33436215
1489,33436215
1490,33436215
1491,33436215
1492,33436215
1493,33436215
1496,33436215
1497,33436215
1498,33436215
1499,33436215
1500,33436215
1501,33436215
1502,33436215
1503,33436215
1504,33436215
1505,33436215
2073,33436215
2397,33436215
2398,33436215
2399,33436215
2400,33436215
2401,33436215
2402,33436215
2403,33436215
2404,33436215
2405,33436215
2406,33436215
2407,33436215
2408,33436215
2409,33436215
2410,33436215
2411,33436215
2412,33436215
2413,33436215
2414,33436215
2415,33436215
2416,33436215
2417,33436215
2418,33436215
2419,33436215
2420,33436215
3063,33436215
3064,33436215
3065,33436215
3066,33436215
3067,33436215
3068,33436215
3069,33436215
3070,33436215
3071,33436215
3072,33436215
3073,33436215
3074,33436215
3075,33436215
3076,33436215
3077,33436215
3078,33436215
3079,33436215
3304,33436215
3344,33436215
3345,33436215
3346,33436215
3347,33436215
3348,33436215
3349,33436215
4541,35057277
4542,35057277
4543,35057277
4544,35057277
4545,35057277
4546,35057277
4547,35057277
4548,35057277
4549,35057277
4550,35057277
4551,35057277
4552,35057277
4553,35057277
4554,35057277
4555,35057277
4556,35057277
4557,35057277
4558,35057277
4559,35057277
4560,35057277
4561,35057277
4562,35057277
4563,35057277
4564,35057277
4565,35057277
4566,35057277
4567,35057277
4568,35057277
4569,35057277
4570,35057277
4571,35057277
4572,35057277
4573,35057277
4574,35057277
4787,35057277
4788,35057277
4789,35057277
4790,35057277
4791,35057277
4792,35057277
4793,35057277
4794,35057277
4795,35057277
4796,35057277
4797,35057277
4798,35057277
4799,35057277
4800,35057277
4801,35057277
4802,35057277
4803,35057277
4804,35057277
4805,35057277
4806,35057277
4807,35057277
4808,35057277
4809,35057277
4810,35057277
4191,35057290
4192,35057290
4193,35057290
4194,35057290
4195,35057290
4196,35057290
4197,35057290
4198,35057290
4199,35057290
4200,35057290
4201,35057290
4202,35057290
4580,35057319
4581,35057319
4582,35057319
4583,35057319
4584,35057319
4585,35057319
4586,35057319
4587,35057319
4588,35057319
4019,35057344
4020,35057344
4021,35057344
4022,35057344
4023,35057344
4024,35057344
4082,35057356
4083,35057356
4084,35057356
4085,35057356
4086,35057356
4087,35057356
4088,35057356
4089,35057356
4090,35057356
4091,35057356
4092,35057356
4763,35057356
4764,35057356
4765,35057356
4766,35057356
4767,35057356
4768,35057356
4769,35057356
4228,35069073
4229,35069073
4230,35069073
4231,35069073
4232,35069073
4233,35069073
4234,35069073
4235,35069073
4236,35069073
4237,35069073
4238,35069073
4239,35069073
4240,35069073
4241,35069073
3960,35070212
3961,35070212
3962,35070212
3963,35070212
3964,35070212
3965,35070212
3966,35070212
3967,35070212
3968,35070212
3969,35070212
3970,35070212
3971,35070212
3972,35070212
3973,35070212
3974,35070212
3975,35070212
3976,35070212
3977,35070212
3978,35070212
3979,35070212
3980,35070212
3981,35070212
3982,35070212
3983,35070212
3984,35070212
3985,35070212
3986,35070212
3987,35070212
3988,35070212
3989,35070212
3990,35070212
3991,35070212
3992,35070212
3993,35070212
3994,35070212
3995,35070212
3996,35070212
3997,35070212
3998,35070212
3999,35070212
4000,35070212
4001,35070212
4002,35070212
4003,35070212
4004,35070212
4005,35070212
4006,35070212
4007,35070212
4008,35070212
4009,35070212
4010,35070212
4011,35070212
4012,35070212
4013,35070212
4014,35070212
4015,35070212
4016,35070212
4017,35070212
4018,35070212
5024,35070212
5025,35070212
5026,35070212
5027,35070212
5028,35070212
5029,35070212
5030,35070212
5031,35070212
5032,35070212
5033,35070212
5034,35070212
5035,35070212
5036,35070212
5037,35070212
5038,35070212
5039,35070212
5040,35070212
5041,35070212
5042,35070212
5043,35070212
5044,35070212
5045,35070212
5046,35070212
5047,35070212
5048,35070212
5049,35070212
5050,35070212
5051,35070212
5052,35070212
5053,35070212
5054,35070212
5055,35070212
5056,35070212
5057,35070212
5058,35070212
5059,35070212
5060,35070212
5061,35070212
5062,35070212
5063,35070212
4482,35085832
4483,35085832
4484,35085832
4485,35085832
4486,35085832
4487,35085832
4488,35085832
4489,35085832
4490,35085832
4491,35085832
4492,35085832
4493,35085832
4494,35085832
4495,35085832
4496,35085832
4497,35085832
4498,35085832
4499,35085832
4500,35085832
4501,35085832
4502,35085832
4503,35085832
4504,35085832
4505,35085832
4506,35085832
4507,35085832
4508,35085832
4509,35085832
4510,35085832
4511,35085832
4512,35085832
4513,35085832
4514,35085832
4515,35085832
4970,35085832
4971,35085832
4972,35085832
4973,35085832
4974,35085832
4975,35085832
4976,35085832
4977,35085832
4978,35085832
4979,35085832
4980,35085832
4981,35085832
4982,35085832
4983,35085832
4984,35085832
4985,35085832
4986,35085832
4987,35085832
4988,35085832
4989,35085832
4990,35085832
4991,35085832
4992,35085832
4993,35085832
4362,35089278
4363,35089278
4364,35089278
4365,35089278
4366,35089278
4367,35089278
4368,35089278
4369,35089278
4370,35089278
4371,35089278
4372,35089278
4373,35089278
4374,35089278
4375,35089278
4376,35089278
4377,35089278
4378,35089278
4871,35089278
4872,35089278
4873,35089278
4874,35089278
4875,35089278
4876,35089278
4877,35089278
4878,35089278
4879,35089278
4880,35089278
4881,35089278
4882,35089278
4883,35089278
4884,35089278
4885,35089278
4886,35089278
4887,35089278
4888,35089278
4274,3509772
4275,3509772
4242,35128648
4243,35128648
4244,35128648
4245,35128648
4246,35128648
4247,35128648
4248,35128648
4249,35128648
4250,35128648
4251,35128648
4252,35128648
4253,35128648
4254,35128648
4255,35128648
4256,35128648
4257,35128648
4258,35128648
4259,35128648
4260,35128648
4261,35128648
4262,35128648
4263,35128648
4264,35128648
4265,35128648
4266,35128648
4267,35128648
4268,35128648
4269,35128648
5136,35128648
5137,35128648
5138,35128648
5139,35128648
5140,35128648
5141,35128648
5142,35128648
5143,35128648
5144,35128648
5145,35128648
5146,35128648
5147,35128648
5148,35128648
5149,35128648
5150,35128648
5151,35128648
4622,35192036
4623,35192036
4624,35192036
4625,35192036
4626,35192036
4627,35192036
4628,35192036
4629,35192036
4630,35192036
4631,35192036
4632,35192036
4633,35192036
4634,35192036
4635,35192036
4636,35192036
4637,35192036
4638,35192036
4639,35192036
4640,35192036
4641,35192036
4642,35192036
4643,35192036
4644,35192036
4645,35192036
4646,35192036
4647,35192036
4648,35192036
4770,35192036
4771,35192036
4772,35192036
4773,35192036
4774,35192036
4775,35192036
4776,35192036
4777,35192036
4778,35192036
4779,35192036
4780,35192036
4781,35192036
4782,35192036
4783,35192036
4784,35192036
4785,35192036
4786,35192036
4675,35200372
4676,35200372
4677,35200372
4678,35200372
4679,35200372
4680,35200372
4681,35200372
4963,35200372
4964,35200372
4965,35200372
4966,35200372
4967,35200372
4968,35200372
4969,35200372
4403,35200384
4404,35200384
4405,35200384
4406,35200384
4407,35200384
4408,35200384
4409,35200384
4410,35200384
4411,35200384
4412,35200384
4413,35200384
4889,35200384
4890,35200384
4891,35200384
4892,35200384
4893,35200384
4894,35200384
4895,35200384
4896,35200384
4897,35200384
4898,35200384
4899,35200384
4043,35200402
4044,35200402
4045,35200402
4046,35200402
4047,35200402
4048,35200402
4605,35200414
4606,35200414
4607,35200414
4608,35200414
4609,35200414
4610,35200414
4611,35200414
4612,35200414
4613,35200414
4614,35200414
4615,35200414
4616,35200414
4617,35200414
4618,35200414
4619,35200414
4620,35200414
4621,35200414
5184,35200414
5185,35200414
5186,35200414
5187,35200414
5188,35200414
5189,35200414
5190,35200414
5191,35200414
5192,35200414
5193,35200414
5194,35200414
5195,35200414
5196,35200414
5197,35200414
5198,35200414
5199,35200414
5200,35200414
4414,35201820
4415,35201820
4416,35201820
4417,35201820
4418,35201820
4419,35201820
4420,35201820
4421,35201820
4422,35201820
4423,35201820
4424,35201820
4425,35201820
4426,35201820
4427,35201820
4428,35201820
4429,35201820
4430,35201820
4431,35201820
4432,35201820
4433,35201820
4434,35201820
4435,35201820
4436,35201820
4437,35201820
4438,35201820
4439,35201820
4440,35201820
4441,35201820
4442,35201820
4900,35201820
4901,35201820
4902,35201820
4903,35201820
4904,35201820
4905,35201820
4906,35201820
4907,35201820
4908,35201820
4909,35201820
4910,35201820
4911,35201820
4912,35201820
4913,35201820
4914,35201820
4915,35201820
4916,35201820
4917,35201820
4025,35210195
4026,35210195
4027,35210195
4028,35210195
4029,35210195
4030,35210195
4475,35212787
4476,35212787
4477,35212787
4478,35212787
4479,35212787
4480,35212787
4481,35212787
4379,35213202
4380,35213202
4381,35213202
4382,35213202
4383,35213202
4384,35213202
4385,35213202
4386,35213202
4387,35213202
4388,35213202
4389,35213202
4390,35213202
4391,35213202
4392,35213202
4393,35213202
4394,35213202
4395,35213202
4396,35213202
4397,35213202
4398,35213202
4399,35213202
4400,35213202
4401,35213202
4402,35213202
4723,35213202
4724,35213202
4725,35213202
4726,35213202
4727,35213202
4728,35213202
4729,35213202
4730,35213202
4731,35213202
4732,35213202
4733,35213202
4734,35213202
4735,35213202
4736,35213202
4737,35213202
4738,35213202
4739,35213202
4740,35213202
4741,35213202
4742,35213202
4649,35222331
4650,35222331
4651,35222331
4652,35222331
4653,35222331
4654,35222331
4655,35222331
4656,35222331
4657,35222331
4658,35222331
4659,35222331
4660,35222331
4661,35222331
4662,35222331
4663,35222331
4664,35222331
4665,35222331
4666,35222331
4667,35222331
4668,35222331
4669,35222331
4670,35222331
4671,35222331
4672,35222331
4673,35222331
4674,35222331
5064,35222331
5065,35222331
5066,35222331
5067,35222331
5068,35222331
5069,35222331
5070,35222331
5071,35222331
5072,35222331
5073,35222331
5074,35222331
5075,35222331
5076,35222331
5077,35222331
5078,35222331
5079,35222331
5080,35222331
4592,35222343
4593,35222343
4594,35222343
4595,35222343
4596,35222343
4597,35222343
4598,35222343
4599,35222343
4600,35222343
4601,35222343
4682,35230649
4683,35230649
4684,35230649
4685,35230649
4686,35230649
4687,35230649
4688,35230649
4689,35230649
4690,35230649
4691,35230649
4692,35230649
4693,35230649
4694,35230649
4695,35230649
4696,35230649
4697,35230649
4698,35230649
4699,35230649
4700,35230649
4701,35230649
4702,35230649
4703,35230649
4704,35230649
4705,35230649
4706,35230649
4707,35230649
4853,35230649
4854,35230649
4855,35230649
4856,35230649
4857,35230649
4858,35230649
4859,35230649
4860,35230649
4861,35230649
4862,35230649
4863,35230649
4864,35230649
4865,35230649
4866,35230649
4867,35230649
4868,35230649
4869,35230649
4870,35230649
4031,35245239
4032,35245239
4033,35245239
4034,35245239
4035,35245239
4036,35245239
4037,35245239
4038,35245239
4039,35245239
4040,35245239
4041,35245239
4042,35245239
4708,35245239
4709,35245239
4710,35245239
4711,35245239
4712,35245239
4713,35245239
4714,35245239
4715,35245239
3941,35245240
3942,35245240
3943,35245240
3944,35245240
3945,35245240
3946,35245240
3947,35245240
3948,35245240
3949,35245240
3950,35245240
3951,35245240
3952,35245240
3953,35245240
3954,35245240
3955,35245240
3956,35245240
3957,35245240
3958,35245240
3959,35245240
4994,35245240
4995,35245240
4996,35245240
4997,35245240
4998,35245240
4999,35245240
5000,35245240
5001,35245240
5002,35245240
5003,35245240
5004,35245240
5005,35245240
4344,35245252
4345,35245252
4346,35245252
4347,35245252
4348,35245252
4349,35245252
4350,35245252
4351,35245252
4352,35245252
4353,35245252
4354,35245252
4355,35245252
4356,35245252
4357,35245252
4358,35245252
4359,35245252
4360,35245252
4361,35245252
5152,35245252
5153,35245252
5154,35245252
5155,35245252
5156,35245252
5157,35245252
5158,35245252
5159,35245252
5160,35245252
5161,35245252
4163,35245264
4164,35245264
4165,35245264
4166,35245264
4167,35245264
4168,35245264
4169,35245264
4170,35245264
4171,35245264
4172,35245264
4173,35245264
4174,35245264
4175,35245264
4176,35245264
4177,35245264
4178,35245264
4179,35245264
4180,35245264
4181,35245264
4182,35245264
4183,35245264
4184,35245264
4185,35245264
4186,35245264
4187,35245264
4188,35245264
4189,35245264
4190,35245264
4743,35245264
4744,35245264
4745,35245264
4746,35245264
4747,35245264
4748,35245264
4749,35245264
4750,35245264
4751,35245264
4752,35245264
4753,35245264
4754,35245264
4755,35245264
4756,35245264
4757,35245264
4758,35245264
4759,35245264
4760,35245264
4761,35245264
4762,35245264
4276,35245276
4277,35245276
4278,35245276
4279,35245276
4280,35245276
4281,35245276
4282,35245276
4283,35245276
4940,35245276
4941,35245276
4942,35245276
4943,35245276
4944,35245276
4945,35245276
4946,35245276
4270,35245288
4271,35245288
4272,35245288
4273,35245288
5103,35245288
5104,35245288
5105,35245288
5106,35245288
4443,35274100
4444,35274100
4445,35274100
4446,35274100
4447,35274100
4448,35274100
4449,35274100
4450,35274100
4451,35274100
4452,35274100
4453,35274100
4454,35274100
4455,35274100
4456,35274100
4457,35274100
4458,35274100
4459,35274100
4460,35274100
4461,35274100
4462,35274100
4463,35274100
4464,35274100
4465,35274100
4466,35274100
4467,35274100
4468,35274100
4469,35274100
4470,35274100
4471,35274100
4472,35274100
4473,35274100
4474,35274100
5081,35274100
5082,35274100
5083,35274100
5084,35274100
5085,35274100
5086,35274100
5087,35274100
5088,35274100
5089,35274100
5090,35274100
5091,35274100
5092,35274100
5093,35274100
5094,35274100
5095,35274100
5096,35274100
5097,35274100
5098,35274100
5099,35274100
5100,35274100
5101,35274100
5102,35274100
4139,35274458
4140,35274458
4141,35274458
4142,35274458
4143,35274458
4144,35274458
4145,35274458
4146,35274458
4147,35274458
4148,35274458
4149,35274458
4150,35274458
4151,35274458
4152,35274458
4153,35274458
4154,35274458
4155,35274458
4156,35274458
4157,35274458
4158,35274458
4159,35274458
4160,35274458
4161,35274458
4162,35274458
5162,35274458
5163,35274458
5164,35274458
5165,35274458
5166,35274458
5167,35274458
5168,35274458
5169,35274458
5170,35274458
5171,35274458
5172,35274458
5173,35274458
5174,35274458
5175,35274458
5176,35274458
5177,35274458
5178,35274458
5179,35274458
5180,35274458
5181,35274458
5182,35274458
5183,35274458
4049,35274461
4050,35274461
4051,35274461
4052,35274461
4053,35274461
4054,35274461
4055,35274461
4056,35274461
4057,35274461
4058,35274461
4059,35274461
4060,35274461
4061,35274461
4062,35274461
4063,35274461
4064,35274461
4065,35274461
4066,35274461
4067,35274461
4068,35274461
4069,35274461
4070,35274461
4071,35274461
4072,35274461
4073,35274461
4074,35274461
4075,35274461
4076,35274461
4077,35274461
4078,35274461
4079,35274461
4080,35274461
4081,35274461
4834,35274461
4835,35274461
4836,35274461
4837,35274461
4838,35274461
4839,35274461
4840,35274461
4841,35274461
4842,35274461
4843,35274461
4844,35274461
4845,35274461
4846,35274461
4847,35274461
4848,35274461
4849,35274461
4850,35274461
4851,35274461
4852,35274461
4093,35274471
4094,35274471
4095,35274471
4096,35274471
4097,35274471
4098,35274471
4099,35274471
5128,35274471
5129,35274471
5130,35274471
5131,35274471
5132,35274471
5133,35274471
5134,35274471
5135,35274471
4121,35278555
4122,35278555
4123,35278555
4124,35278555
4125,35278555
4126,35278555
4127,35278555
4128,35278555
4129,35278555
4130,35278555
4131,35278555
4132,35278555
4133,35278555
4134,35278555
4135,35278555
4136,35278555
4137,35278555
4138,35278555
5114,35278555
5115,35278555
5116,35278555
5117,35278555
5118,35278555
5119,35278555
5120,35278555
5121,35278555
5122,35278555
5123,35278555
5124,35278555
5125,35278555
5126,35278555
5127,35278555
4303,35278567
4304,35278567
4305,35278567
4306,35278567
4307,35278567
4308,35278567
4309,35278567
4310,35278567
4311,35278567
4312,35278567
4313,35278567
4314,35278567
4315,35278567
4316,35278567
4317,35278567
4318,35278567
4319,35278567
4320,35278567
4321,35278567
4322,35278567
4323,35278567
4324,35278567
4325,35278567
4326,35278567
4327,35278567
4328,35278567
4329,35278567
4330,35278567
4331,35278567
4332,35278567
4333,35278567
4334,35278567
4335,35278567
4336,35278567
4337,35278567
4338,35278567
4339,35278567
4340,35278567
4341,35278567
4342,35278567
4343,35278567
4811,35278567
4812,35278567
4813,35278567
4814,35278567
4815,35278567
4816,35278567
4817,35278567
4818,35278567
4819,35278567
4820,35278567
4821,35278567
4822,35278567
4823,35278567
4824,35278567
4825,35278567
4826,35278567
4827,35278567
4828,35278567
4829,35278567
4830,35278567
4831,35278567
4832,35278567
4833,35278567
4100,35278579
4101,35278579
4102,35278579
4103,35278579
4104,35278579
4105,35278579
4106,35278579
4107,35278579
4108,35278579
4109,35278579
4110,35278579
4111,35278579
4112,35278579
4113,35278579
4947,35278579
4948,35278579
4949,35278579
4950,35278579
4951,35278579
4952,35278579
4953,35278579
4954,35278579
4955,35278579
4956,35278579
4516,35281098
4517,35281098
4518,35281098
4519,35281098
4520,35281098
4521,35281098
4522,35281098
4523,35281098
4524,35281098
4525,35281098
4526,35281098
4527,35281098
4528,35281098
4529,35281098
4530,35281098
4531,35281098
4532,35281098
4533,35281098
4534,35281098
4535,35281098
4536,35281098
4537,35281098
4538,35281098
4539,35281098
4540,35281098
5006,35281098
5007,35281098
5008,35281098
5009,35281098
5010,35281098
5011,35281098
5012,35281098
5013,35281098
5014,35281098
5015,35281098
5016,35281098
5017,35281098
5018,35281098
5019,35281098
5020,35281098
5021,35281098
5022,35281098
5023,35281098
4284,35296119
4285,35296119
4286,35296119
4575,35366833
4576,35366833
4577,35366833
4578,35366833
4579,35366833
5201,35366833
5202,35366833
5203,35366833
5204,35366833
5205,35366833
4589,35366857
4590,35366857
4591,35366857
4221,35471331
4222,35471331
4223,35471331
4224,35471331
4225,35471331
4226,35471331
4227,35471331
5107,35471331
5108,35471331
5109,35471331
5110,35471331
5111,35471331
5112,35471331
5113,35471331
4206,35478573
4207,35478573
4208,35478573
4209,35478573
4210,35478573
4211,35478573
4212,35478573
4213,35478573
4214,35478573
4931,35478573
4932,35478573
4933,35478573
4934,35478573
4935,35478573
4936,35478573
4937,35478573
4938,35478573
4939,35478573
4114,35560091
4115,35560091
4116,35560091
4117,35560091
4118,35560091
4119,35560091
4120,35560091
4716,35560091
4717,35560091
4718,35560091
4719,35560091
4720,35560091
4721,35560091
4722,35560091
4215,35587597
4216,35587597
4217,35587597
4218,35587597
4219,35587597
4220,35587597
4957,35587597
4958,35587597
4959,35587597
4960,35587597
4961,35587597
4962,35587597
4289,35633112
4290,35633112
4291,35633112
4292,35633112
4293,35633112
4294,35633112
4295,35633112
4296,35633112
4297,35633112
4298,35633112
4299,35633112
4300,35633112
4301,35633112
4302,35633112
4918,35633112
4919,35633112
4920,35633112
4921,35633112
4922,35633112
4923,35633112
4924,35633112
4925,35633112
4926,35633112
4927,35633112
4928,35633112
4929,35633112
4930,35633112
4602,35657924
4603,35657924
4604,35657924
4287,35657967
4288,35657967
4203,35662239
4204,35662239
4205,35662239
8747,91827378
8760,91827378
